<rss xmlns:atom="http://www.w3.org/2005/Atom" version="2.0">
    <channel>
        <title>influxDB - Tag - Oublie的Hugo博客</title>
        <link>https://oublie6.github.io/tags/influxdb/</link>
        <description>influxDB - Tag - Oublie的Hugo博客</description>
        <generator>Hugo -- gohugo.io</generator><language>zh-CN</language><managingEditor>313166062@qq.com (oublie)</managingEditor>
            <webMaster>313166062@qq.com (oublie)</webMaster><lastBuildDate>Thu, 15 Jun 2023 15:12:29 &#43;0800</lastBuildDate><atom:link href="https://oublie6.github.io/tags/influxdb/" rel="self" type="application/rss+xml" /><item>
    <title>数据库-influxDB-个人笔记</title>
    <link>https://oublie6.github.io/posts/%E6%95%B0%E6%8D%AE%E5%BA%93/influxdb/%E4%B8%AA%E4%BA%BA%E7%AC%94%E8%AE%B0/</link>
    <pubDate>Thu, 15 Jun 2023 15:12:29 &#43;0800</pubDate>
    <author>oublie</author>
    <guid>https://oublie6.github.io/posts/%E6%95%B0%E6%8D%AE%E5%BA%93/influxdb/%E4%B8%AA%E4%BA%BA%E7%AC%94%E8%AE%B0/</guid>
    <description><![CDATA[官网 官方文档 go客户端文档 概念 数据库(database):用户、保留策略、连续查询和时间序列数据的逻辑容器，和mysql的database是]]></description>
</item>
</channel>
</rss>
