<rss xmlns:atom="http://www.w3.org/2005/Atom" version="2.0">
    <channel>
        <title>P4 - Category - Oublie的Hugo博客</title>
        <link>https://oublie6.github.io/categories/p4/</link>
        <description>P4 - Category - Oublie的Hugo博客</description>
        <generator>Hugo -- gohugo.io</generator><language>zh-CN</language><managingEditor>313166062@qq.com (oublie)</managingEditor>
            <webMaster>313166062@qq.com (oublie)</webMaster><lastBuildDate>Mon, 17 Apr 2023 15:40:58 &#43;0800</lastBuildDate><atom:link href="https://oublie6.github.io/categories/p4/" rel="self" type="application/rss+xml" /><item>
    <title>P4-P4 Learning</title>
    <link>https://oublie6.github.io/posts/p4/p4-learning/</link>
    <pubDate>Mon, 17 Apr 2023 15:40:58 &#43;0800</pubDate>
    <author>oublie</author>
    <guid>https://oublie6.github.io/posts/p4/p4-learning/</guid>
    <description><![CDATA[github nsg-ethz/p4-learning examples simple switch examples 基本示例 数据包反射 交换机将所有接收的数据包发回给发送者 network.py 1 2 3 4 5 6 7 8 9 10 11 12 13 14 15 16 17 18 19 20 21 22 23 24 25 26 27 28 29 30 &#34;&#34;&#34; +----+ +----+ | h1 +-------+]]></description>
</item>
<item>
    <title>P4-P4 Utils学习笔记</title>
    <link>https://oublie6.github.io/posts/p4/p4-utils%E5%AD%A6%E4%B9%A0%E7%AC%94%E8%AE%B0/</link>
    <pubDate>Fri, 24 Feb 2023 20:28:20 &#43;0800</pubDate>
    <author>oublie</author>
    <guid>https://oublie6.github.io/posts/p4/p4-utils%E5%AD%A6%E4%B9%A0%E7%AC%94%E8%AE%B0/</guid>
    <description><![CDATA[P4-utils官方文档 P4-utils详细API参考 介绍 P4-Utils 是一个 Python 包，允许用户创建和测试可以包含 P4 交换机的虚拟网络。 P4是一种特定领域的编]]></description>
</item>
<item>
    <title>P4-学习资料</title>
    <link>https://oublie6.github.io/posts/p4/%E5%AD%A6%E4%B9%A0%E8%B5%84%E6%96%99/</link>
    <pubDate>Thu, 01 Dec 2022 11:41:09 &#43;0800</pubDate>
    <author>oublie</author>
    <guid>https://oublie6.github.io/posts/p4/%E5%AD%A6%E4%B9%A0%E8%B5%84%E6%96%99/</guid>
    <description><![CDATA[P4-learning wiki 入门 将此存储库克隆到您的机器中: 1 git clone https://github.com/nsg-ethz/p4-learning.git 所需软件 PI为P4Runtime服务器提供了一个实现框架。只有涉及P4Runtime交换机的拓扑]]></description>
</item>
</channel>
</rss>
