<rss xmlns:atom="http://www.w3.org/2005/Atom" version="2.0">
    <channel>
        <title>k8s - Tag - Oublie的Hugo博客</title>
        <link>https://oublie6.github.io/tags/k8s/</link>
        <description>k8s - Tag - Oublie的Hugo博客</description>
        <generator>Hugo -- gohugo.io</generator><language>zh-CN</language><managingEditor>313166062@qq.com (oublie)</managingEditor>
            <webMaster>313166062@qq.com (oublie)</webMaster><lastBuildDate>Tue, 17 Jan 2023 16:42:25 &#43;0800</lastBuildDate><atom:link href="https://oublie6.github.io/tags/k8s/" rel="self" type="application/rss+xml" /><item>
    <title>云原生-k8s-个人笔记</title>
    <link>https://oublie6.github.io/posts/%E4%BA%91%E5%8E%9F%E7%94%9F/k8s/%E4%B8%AA%E4%BA%BA%E7%AC%94%E8%AE%B0/</link>
    <pubDate>Tue, 17 Jan 2023 16:42:25 &#43;0800</pubDate>
    <author>oublie</author>
    <guid>https://oublie6.github.io/posts/%E4%BA%91%E5%8E%9F%E7%94%9F/k8s/%E4%B8%AA%E4%BA%BA%E7%AC%94%E8%AE%B0/</guid>
    <description><![CDATA[k8s官网 k8s官网文档 k8s官网教程 k8s easydoc github yeasy/docker_practice及其最新版本电子书 查看k8s集群所有内容 1 kubectl get all 以ya]]></description>
</item>
<item>
    <title>云原生-k8s-教程</title>
    <link>https://oublie6.github.io/posts/%E4%BA%91%E5%8E%9F%E7%94%9F/k8s/%E6%95%99%E7%A8%8B/</link>
    <pubDate>Sat, 31 Dec 2022 11:28:48 &#43;0800</pubDate>
    <author>oublie</author>
    <guid>https://oublie6.github.io/posts/%E4%BA%91%E5%8E%9F%E7%94%9F/k8s/%E6%95%99%E7%A8%8B/</guid>
    <description><![CDATA[k8s官网 k8s官网文档 k8s官网教程 k8s easydoc github yeasy/docker_practice及其最新版本电子书 注意事项 minikube使用kubc]]></description>
</item>
</channel>
</rss>
