<rss xmlns:atom="http://www.w3.org/2005/Atom" version="2.0">
    <channel>
        <title>Vue个人笔记 - Tag - Oublie的Hugo博客</title>
        <link>https://oublie6.github.io/tags/vue%E4%B8%AA%E4%BA%BA%E7%AC%94%E8%AE%B0/</link>
        <description>Vue个人笔记 - Tag - Oublie的Hugo博客</description>
        <generator>Hugo -- gohugo.io</generator><language>zh-CN</language><managingEditor>313166062@qq.com (oublie)</managingEditor>
            <webMaster>313166062@qq.com (oublie)</webMaster><lastBuildDate>Thu, 20 Oct 2022 12:32:40 &#43;0800</lastBuildDate><atom:link href="https://oublie6.github.io/tags/vue%E4%B8%AA%E4%BA%BA%E7%AC%94%E8%AE%B0/" rel="self" type="application/rss+xml" /><item>
    <title>Vue-个人笔记-Ref和reactive</title>
    <link>https://oublie6.github.io/posts/%E5%89%8D%E7%AB%AF/vue/%E4%B8%AA%E4%BA%BA%E7%AC%94%E8%AE%B0/ref%E5%92%8Creactive/</link>
    <pubDate>Thu, 20 Oct 2022 12:32:40 &#43;0800</pubDate>
    <author>oublie</author>
    <guid>https://oublie6.github.io/posts/%E5%89%8D%E7%AB%AF/vue/%E4%B8%AA%E4%BA%BA%E7%AC%94%E8%AE%B0/ref%E5%92%8Creactive/</guid>
    <description><![CDATA[reactive和ref都是用来定义响应式数据的。reactive更推荐去定义复杂的数据类型，ref更推荐定义基本类型。 ref和reacti]]></description>
</item>
</channel>
</rss>
