<rss xmlns:atom="http://www.w3.org/2005/Atom" version="2.0">
    <channel>
        <title>数据结构与算法 - Category - Oublie的Hugo博客</title>
        <link>https://oublie6.github.io/categories/%E6%95%B0%E6%8D%AE%E7%BB%93%E6%9E%84%E4%B8%8E%E7%AE%97%E6%B3%95/</link>
        <description>数据结构与算法 - Category - Oublie的Hugo博客</description>
        <generator>Hugo -- gohugo.io</generator><language>zh-CN</language><managingEditor>313166062@qq.com (oublie)</managingEditor>
            <webMaster>313166062@qq.com (oublie)</webMaster><lastBuildDate>Sat, 22 Apr 2023 11:38:07 &#43;0800</lastBuildDate><atom:link href="https://oublie6.github.io/categories/%E6%95%B0%E6%8D%AE%E7%BB%93%E6%9E%84%E4%B8%8E%E7%AE%97%E6%B3%95/" rel="self" type="application/rss+xml" /><item>
    <title>数据结构与算法-刷题-牛客</title>
    <link>https://oublie6.github.io/posts/%E6%95%B0%E6%8D%AE%E7%BB%93%E6%9E%84%E4%B8%8E%E7%AE%97%E6%B3%95/%E5%88%B7%E9%A2%98/%E7%89%9B%E5%AE%A2/</link>
    <pubDate>Sat, 22 Apr 2023 11:38:07 &#43;0800</pubDate>
    <author>oublie</author>
    <guid>https://oublie6.github.io/posts/%E6%95%B0%E6%8D%AE%E7%BB%93%E6%9E%84%E4%B8%8E%E7%AE%97%E6%B3%95/%E5%88%B7%E9%A2%98/%E7%89%9B%E5%AE%A2/</guid>
    <description><![CDATA[华为机试 HJ16 购物单 HJ16 购物单 1 2 3 4 5 6 7 8 9 10 11 12 13 14 15 16 17 18 19 20 21 22 23 24 25 26 27 28 29 30 31 32 33 34 35 36 37 38 39 40 41 42 43 44 45 46 47 48 49 50 51 52 53 54 55 56 57 58]]></description>
</item>
<item>
    <title>数据结构与算法-刷题-Leetcode</title>
    <link>https://oublie6.github.io/posts/%E6%95%B0%E6%8D%AE%E7%BB%93%E6%9E%84%E4%B8%8E%E7%AE%97%E6%B3%95/%E5%88%B7%E9%A2%98/leetcode/</link>
    <pubDate>Tue, 14 Mar 2023 19:22:41 &#43;0800</pubDate>
    <author>oublie</author>
    <guid>https://oublie6.github.io/posts/%E6%95%B0%E6%8D%AE%E7%BB%93%E6%9E%84%E4%B8%8E%E7%AE%97%E6%B3%95/%E5%88%B7%E9%A2%98/leetcode/</guid>
    <description><![CDATA[随机刷 8. 字符串转换整数 (atoi) 8. 字符串转换整数 (atoi) 简单模拟，打败双百 1 2 3 4 5 6 7 8 9 10 11 12 13 14 15 16 17 18 19 func myAtoi(s string) int { s=strings.TrimSpace(s) if s==&#34;&#34;{return 0} nagative:=false if s[0]==&#39;-&#39;||s[0]==&#39;+&#39;{ if s[0]==&#39;-&#39;{nagative=true} s=s[1:] } ans:=0 for _,v:=range s{ if]]></description>
</item>
<item>
    <title>数据结构与算法-labuladong-第二章</title>
    <link>https://oublie6.github.io/posts/%E6%95%B0%E6%8D%AE%E7%BB%93%E6%9E%84%E4%B8%8E%E7%AE%97%E6%B3%95/labuladong/%E7%AC%AC%E4%BA%8C%E7%AB%A0/</link>
    <pubDate>Sat, 04 Feb 2023 15:56:50 &#43;0800</pubDate>
    <author>oublie</author>
    <guid>https://oublie6.github.io/posts/%E6%95%B0%E6%8D%AE%E7%BB%93%E6%9E%84%E4%B8%8E%E7%AE%97%E6%B3%95/labuladong/%E7%AC%AC%E4%BA%8C%E7%AB%A0/</guid>
    <description><![CDATA[本系列笔记为作者在跟随labuladong的算法小抄学习的时候结合golang做的笔记。感谢东哥。另外根据东哥对算法的分类法，将自己平时记的]]></description>
</item>
<item>
    <title>数据结构与算法-labuladong-第三章</title>
    <link>https://oublie6.github.io/posts/%E6%95%B0%E6%8D%AE%E7%BB%93%E6%9E%84%E4%B8%8E%E7%AE%97%E6%B3%95/labuladong/%E7%AC%AC%E4%B8%89%E7%AB%A0/</link>
    <pubDate>Fri, 30 Dec 2022 16:19:06 &#43;0800</pubDate>
    <author>oublie</author>
    <guid>https://oublie6.github.io/posts/%E6%95%B0%E6%8D%AE%E7%BB%93%E6%9E%84%E4%B8%8E%E7%AE%97%E6%B3%95/labuladong/%E7%AC%AC%E4%B8%89%E7%AB%A0/</guid>
    <description><![CDATA[本系列笔记为作者在跟随labuladong的算法小抄学习的时候结合golang做的笔记。感谢东哥。另外根据东哥对算法的分类法，将自己平时记的]]></description>
</item>
<item>
    <title>数据结构与算法-labuladong-第零章和第一章</title>
    <link>https://oublie6.github.io/posts/%E6%95%B0%E6%8D%AE%E7%BB%93%E6%9E%84%E4%B8%8E%E7%AE%97%E6%B3%95/labuladong/%E7%AC%AC%E9%9B%B6%E7%AB%A0%E5%92%8C%E7%AC%AC%E4%B8%80%E7%AB%A0/</link>
    <pubDate>Thu, 29 Dec 2022 19:11:57 &#43;0800</pubDate>
    <author>oublie</author>
    <guid>https://oublie6.github.io/posts/%E6%95%B0%E6%8D%AE%E7%BB%93%E6%9E%84%E4%B8%8E%E7%AE%97%E6%B3%95/labuladong/%E7%AC%AC%E9%9B%B6%E7%AB%A0%E5%92%8C%E7%AC%AC%E4%B8%80%E7%AB%A0/</guid>
    <description><![CDATA[本系列笔记为作者在跟随labuladong的算法小抄学习的时候结合golang做的笔记。感谢东哥。另外根据东哥对算法的分类法，将自己平时记的]]></description>
</item>
</channel>
</rss>
