<rss xmlns:atom="http://www.w3.org/2005/Atom" version="2.0">
    <channel>
        <title>Python教程 - Tag - Oublie的Hugo博客</title>
        <link>https://oublie6.github.io/tags/python%E6%95%99%E7%A8%8B/</link>
        <description>Python教程 - Tag - Oublie的Hugo博客</description>
        <generator>Hugo -- gohugo.io</generator><language>zh-CN</language><managingEditor>313166062@qq.com (oublie)</managingEditor>
            <webMaster>313166062@qq.com (oublie)</webMaster><lastBuildDate>Fri, 10 Feb 2023 14:51:53 &#43;0800</lastBuildDate><atom:link href="https://oublie6.github.io/tags/python%E6%95%99%E7%A8%8B/" rel="self" type="application/rss+xml" /><item>
    <title>Python教程-补充</title>
    <link>https://oublie6.github.io/posts/python/python%E6%95%99%E7%A8%8B/%E8%A1%A5%E5%85%85/</link>
    <pubDate>Fri, 10 Feb 2023 14:51:53 &#43;0800</pubDate>
    <author>oublie</author>
    <guid>https://oublie6.github.io/posts/python/python%E6%95%99%E7%A8%8B/%E8%A1%A5%E5%85%85/</guid>
    <description><![CDATA[本系列为作者在官网学习python时做的笔记，详见python官网 python标准库官方文档，查阅标准库相关的内容 python语言参考，查看]]></description>
</item>
<item>
    <title>Python教程-虚拟环境和包</title>
    <link>https://oublie6.github.io/posts/python/python%E6%95%99%E7%A8%8B/%E8%99%9A%E6%8B%9F%E7%8E%AF%E5%A2%83%E5%92%8C%E5%8C%85/</link>
    <pubDate>Wed, 12 Oct 2022 20:52:24 &#43;0800</pubDate>
    <author>oublie</author>
    <guid>https://oublie6.github.io/posts/python/python%E6%95%99%E7%A8%8B/%E8%99%9A%E6%8B%9F%E7%8E%AF%E5%A2%83%E5%92%8C%E5%8C%85/</guid>
    <description><![CDATA[本系列为作者在官网学习python时做的笔记，详见python官网 python标准库官方文档，查阅标准库相关的内容 python语言参考，查看]]></description>
</item>
<item>
    <title>Python教程-标准库简介  第二部分</title>
    <link>https://oublie6.github.io/posts/python/python%E6%95%99%E7%A8%8B/%E6%A0%87%E5%87%86%E5%BA%93%E7%AE%80%E4%BB%8B--%E7%AC%AC%E4%BA%8C%E9%83%A8%E5%88%86/</link>
    <pubDate>Wed, 12 Oct 2022 20:41:37 &#43;0800</pubDate>
    <author>oublie</author>
    <guid>https://oublie6.github.io/posts/python/python%E6%95%99%E7%A8%8B/%E6%A0%87%E5%87%86%E5%BA%93%E7%AE%80%E4%BB%8B--%E7%AC%AC%E4%BA%8C%E9%83%A8%E5%88%86/</guid>
    <description><![CDATA[本系列为作者在官网学习python时做的笔记，详见python官网 python标准库官方文档，查阅标准库相关的内容 python语言参考，查看]]></description>
</item>
<item>
    <title>Python教程-标准库简介</title>
    <link>https://oublie6.github.io/posts/python/python%E6%95%99%E7%A8%8B/%E6%A0%87%E5%87%86%E5%BA%93%E7%AE%80%E4%BB%8B/</link>
    <pubDate>Wed, 12 Oct 2022 17:27:20 &#43;0800</pubDate>
    <author>oublie</author>
    <guid>https://oublie6.github.io/posts/python/python%E6%95%99%E7%A8%8B/%E6%A0%87%E5%87%86%E5%BA%93%E7%AE%80%E4%BB%8B/</guid>
    <description><![CDATA[本系列为作者在官网学习python时做的笔记，详见python官网 python标准库官方文档，查阅标准库相关的内容 python语言参考，查看]]></description>
</item>
<item>
    <title>Python教程-类</title>
    <link>https://oublie6.github.io/posts/python/python%E6%95%99%E7%A8%8B/%E7%B1%BB/</link>
    <pubDate>Wed, 12 Oct 2022 14:48:35 &#43;0800</pubDate>
    <author>oublie</author>
    <guid>https://oublie6.github.io/posts/python/python%E6%95%99%E7%A8%8B/%E7%B1%BB/</guid>
    <description><![CDATA[本系列为作者在官网学习python时做的笔记，详见python官网 python标准库官方文档，查阅标准库相关的内容 python语言参考，查看]]></description>
</item>
<item>
    <title>Python教程-错误和异常</title>
    <link>https://oublie6.github.io/posts/python/python%E6%95%99%E7%A8%8B/%E9%94%99%E8%AF%AF%E5%92%8C%E5%BC%82%E5%B8%B8/</link>
    <pubDate>Wed, 12 Oct 2022 12:25:48 &#43;0800</pubDate>
    <author>oublie</author>
    <guid>https://oublie6.github.io/posts/python/python%E6%95%99%E7%A8%8B/%E9%94%99%E8%AF%AF%E5%92%8C%E5%BC%82%E5%B8%B8/</guid>
    <description><![CDATA[本系列为作者在官网学习python时做的笔记，详见python官网 python标准库官方文档，查阅标准库相关的内容 python语言参考，查看]]></description>
</item>
<item>
    <title>Python教程-输入输出</title>
    <link>https://oublie6.github.io/posts/python/python%E6%95%99%E7%A8%8B/%E8%BE%93%E5%85%A5%E8%BE%93%E5%87%BA/</link>
    <pubDate>Wed, 12 Oct 2022 11:06:02 &#43;0800</pubDate>
    <author>oublie</author>
    <guid>https://oublie6.github.io/posts/python/python%E6%95%99%E7%A8%8B/%E8%BE%93%E5%85%A5%E8%BE%93%E5%87%BA/</guid>
    <description><![CDATA[本系列为作者在官网学习python时做的笔记，详见python官网 python标准库官方文档，查阅标准库相关的内容 python语言参考，查看]]></description>
</item>
<item>
    <title>Python教程-模块</title>
    <link>https://oublie6.github.io/posts/python/python%E6%95%99%E7%A8%8B/%E6%A8%A1%E5%9D%97/</link>
    <pubDate>Wed, 12 Oct 2022 10:38:29 &#43;0800</pubDate>
    <author>oublie</author>
    <guid>https://oublie6.github.io/posts/python/python%E6%95%99%E7%A8%8B/%E6%A8%A1%E5%9D%97/</guid>
    <description><![CDATA[本系列为作者在官网学习python时做的笔记，详见python官网 python标准库官方文档，查阅标准库相关的内容 python语言参考，查看]]></description>
</item>
<item>
    <title>Python教程-数据结构</title>
    <link>https://oublie6.github.io/posts/python/python%E6%95%99%E7%A8%8B/%E6%95%B0%E6%8D%AE%E7%BB%93%E6%9E%84/</link>
    <pubDate>Wed, 12 Oct 2022 09:48:48 &#43;0800</pubDate>
    <author>oublie</author>
    <guid>https://oublie6.github.io/posts/python/python%E6%95%99%E7%A8%8B/%E6%95%B0%E6%8D%AE%E7%BB%93%E6%9E%84/</guid>
    <description><![CDATA[本系列为作者在官网学习python时做的笔记，详见python官网 python标准库官方文档，查阅标准库相关的内容 python语言参考，查看]]></description>
</item>
<item>
    <title>Python教程-其他流程控制工具</title>
    <link>https://oublie6.github.io/posts/python/python%E6%95%99%E7%A8%8B/%E5%85%B6%E4%BB%96%E6%B5%81%E7%A8%8B%E6%8E%A7%E5%88%B6%E5%B7%A5%E5%85%B7/</link>
    <pubDate>Tue, 11 Oct 2022 19:10:45 &#43;0800</pubDate>
    <author>oublie</author>
    <guid>https://oublie6.github.io/posts/python/python%E6%95%99%E7%A8%8B/%E5%85%B6%E4%BB%96%E6%B5%81%E7%A8%8B%E6%8E%A7%E5%88%B6%E5%B7%A5%E5%85%B7/</guid>
    <description><![CDATA[本系列为作者在官网学习python时做的笔记，详见python官网 python标准库官方文档，查阅标准库相关的内容 python语言参考，查看]]></description>
</item>
</channel>
</rss>
