<rss xmlns:atom="http://www.w3.org/2005/Atom" version="2.0">
    <channel>
        <title>windows - Tag - Oublie的Hugo博客</title>
        <link>https://oublie6.github.io/tags/windows/</link>
        <description>windows - Tag - Oublie的Hugo博客</description>
        <generator>Hugo -- gohugo.io</generator><language>zh-CN</language><managingEditor>313166062@qq.com (oublie)</managingEditor>
            <webMaster>313166062@qq.com (oublie)</webMaster><lastBuildDate>Tue, 28 Feb 2023 19:14:36 &#43;0800</lastBuildDate><atom:link href="https://oublie6.github.io/tags/windows/" rel="self" type="application/rss+xml" /><item>
    <title>操作系统-windows-个人笔记</title>
    <link>https://oublie6.github.io/posts/%E6%93%8D%E4%BD%9C%E7%B3%BB%E7%BB%9F/windows/%E4%B8%AA%E4%BA%BA%E7%AC%94%E8%AE%B0/</link>
    <pubDate>Tue, 28 Feb 2023 19:14:36 &#43;0800</pubDate>
    <author>oublie</author>
    <guid>https://oublie6.github.io/posts/%E6%93%8D%E4%BD%9C%E7%B3%BB%E7%BB%9F/windows/%E4%B8%AA%E4%BA%BA%E7%AC%94%E8%AE%B0/</guid>
    <description><![CDATA[windows官网 防火墙配置 windows官网防火墙文档 入站默认阻止，出站默认允许 主要配置入站规则 安全连接规则主要是配置身份验证相关的配置 入]]></description>
</item>
</channel>
</rss>
