<rss xmlns:atom="http://www.w3.org/2005/Atom" version="2.0">
    <channel>
        <title>IDE - Category - Oublie的Hugo博客</title>
        <link>https://oublie6.github.io/categories/ide/</link>
        <description>IDE - Category - Oublie的Hugo博客</description>
        <generator>Hugo -- gohugo.io</generator><language>zh-CN</language><managingEditor>313166062@qq.com (oublie)</managingEditor>
            <webMaster>313166062@qq.com (oublie)</webMaster><lastBuildDate>Mon, 27 Mar 2023 13:37:33 &#43;0800</lastBuildDate><atom:link href="https://oublie6.github.io/categories/ide/" rel="self" type="application/rss+xml" /><item>
    <title>IDE-Jetbrains</title>
    <link>https://oublie6.github.io/posts/ide/jetbrains/</link>
    <pubDate>Mon, 27 Mar 2023 13:37:33 &#43;0800</pubDate>
    <author>oublie</author>
    <guid>https://oublie6.github.io/posts/ide/jetbrains/</guid>
    <description><![CDATA[保存时自动格式化代码 设置=&gt;工具=&gt;保存时的操作，将重新格式化代码勾上 全文搜索 win：alt+shift+f mac：comman]]></description>
</item>
<item>
    <title>IDE-AndroidStudio</title>
    <link>https://oublie6.github.io/posts/ide/androidstudio/</link>
    <pubDate>Fri, 03 Mar 2023 17:09:34 &#43;0800</pubDate>
    <author>oublie</author>
    <guid>https://oublie6.github.io/posts/ide/androidstudio/</guid>
    <description><![CDATA[andriod_studio_AVD安装位置修改 51TCO mob604756fb13b1 修改~/.android/avd目录下的.ini配置文件的path属性]]></description>
</item>
<item>
    <title>IDE-Vscode</title>
    <link>https://oublie6.github.io/posts/ide/vscode/</link>
    <pubDate>Mon, 27 Feb 2023 10:45:50 &#43;0800</pubDate>
    <author>oublie</author>
    <guid>https://oublie6.github.io/posts/ide/vscode/</guid>
    <description><![CDATA[vscode官网 vscode官方文档 概述 宇宙第一IDE 安装 直接去官网下载对应操作系统的安装程序直接安装 ubuntu安装使用命令 1 sudo apt install ./&lt;file&gt;.deb 用户]]></description>
</item>
</channel>
</rss>
