<rss xmlns:atom="http://www.w3.org/2005/Atom" version="2.0">
    <channel>
        <title>杂项 - Category - Oublie的Hugo博客</title>
        <link>https://oublie6.github.io/categories/%E6%9D%82%E9%A1%B9/</link>
        <description>杂项 - Category - Oublie的Hugo博客</description>
        <generator>Hugo -- gohugo.io</generator><language>zh-CN</language><managingEditor>313166062@qq.com (oublie)</managingEditor>
            <webMaster>313166062@qq.com (oublie)</webMaster><lastBuildDate>Fri, 10 Mar 2023 12:38:15 &#43;0800</lastBuildDate><atom:link href="https://oublie6.github.io/categories/%E6%9D%82%E9%A1%B9/" rel="self" type="application/rss+xml" /><item>
    <title>杂项-个人笔记</title>
    <link>https://oublie6.github.io/posts/%E6%9D%82%E9%A1%B9/%E4%B8%AA%E4%BA%BA%E7%AC%94%E8%AE%B0/</link>
    <pubDate>Fri, 10 Mar 2023 12:38:15 &#43;0800</pubDate>
    <author>oublie</author>
    <guid>https://oublie6.github.io/posts/%E6%9D%82%E9%A1%B9/%E4%B8%AA%E4%BA%BA%E7%AC%94%E8%AE%B0/</guid>
    <description><![CDATA[保持窗口最前神器DeskPins DeskPins官网 windows下保持窗口最前是一个很常用的需求，但是windows并没有实现这个需求，只]]></description>
</item>
</channel>
</rss>
