<rss xmlns:atom="http://www.w3.org/2005/Atom" version="2.0">
    <channel>
        <title>操作系统 - Category - Oublie的Hugo博客</title>
        <link>https://oublie6.github.io/categories/%E6%93%8D%E4%BD%9C%E7%B3%BB%E7%BB%9F/</link>
        <description>操作系统 - Category - Oublie的Hugo博客</description>
        <generator>Hugo -- gohugo.io</generator><language>zh-CN</language><managingEditor>313166062@qq.com (oublie)</managingEditor>
            <webMaster>313166062@qq.com (oublie)</webMaster><lastBuildDate>Tue, 06 Jun 2023 10:29:01 &#43;0800</lastBuildDate><atom:link href="https://oublie6.github.io/categories/%E6%93%8D%E4%BD%9C%E7%B3%BB%E7%BB%9F/" rel="self" type="application/rss+xml" /><item>
    <title>操作系统-macOS-个人笔记</title>
    <link>https://oublie6.github.io/posts/%E6%93%8D%E4%BD%9C%E7%B3%BB%E7%BB%9F/macos/%E4%B8%AA%E4%BA%BA%E7%AC%94%E8%AE%B0/</link>
    <pubDate>Tue, 06 Jun 2023 10:29:01 &#43;0800</pubDate>
    <author>oublie</author>
    <guid>https://oublie6.github.io/posts/%E6%93%8D%E4%BD%9C%E7%B3%BB%E7%BB%9F/macos/%E4%B8%AA%E4%BA%BA%E7%AC%94%E8%AE%B0/</guid>
    <description><![CDATA[macOS官网 访达显示隐藏文件 command+shift+. 访达打开根目录 访达菜单栏点击 &ldquo;前往&rdquo;，然后点击 &ldquo;前往文件夹&hellip]]></description>
</item>
<item>
    <title>操作系统-小林coding-调度算法</title>
    <link>https://oublie6.github.io/posts/%E6%93%8D%E4%BD%9C%E7%B3%BB%E7%BB%9F/%E5%B0%8F%E6%9E%97coding/%E8%B0%83%E5%BA%A6%E7%AE%97%E6%B3%95/</link>
    <pubDate>Sat, 13 May 2023 16:28:51 &#43;0800</pubDate>
    <author>oublie</author>
    <guid>https://oublie6.github.io/posts/%E6%93%8D%E4%BD%9C%E7%B3%BB%E7%BB%9F/%E5%B0%8F%E6%9E%97coding/%E8%B0%83%E5%BA%A6%E7%AE%97%E6%B3%95/</guid>
    <description><![CDATA[本系列笔记为作者在跟随小林coding学习的时候做的笔记。感谢小林大大。 进程调度算法 按是否抢占 分为抢占式和非抢占式 按具体策略 先来先服务调度算]]></description>
</item>
<item>
    <title>操作系统-小林coding-网络系统</title>
    <link>https://oublie6.github.io/posts/%E6%93%8D%E4%BD%9C%E7%B3%BB%E7%BB%9F/%E5%B0%8F%E6%9E%97coding/%E7%BD%91%E7%BB%9C%E7%B3%BB%E7%BB%9F/</link>
    <pubDate>Wed, 05 Apr 2023 17:02:18 &#43;0800</pubDate>
    <author>oublie</author>
    <guid>https://oublie6.github.io/posts/%E6%93%8D%E4%BD%9C%E7%B3%BB%E7%BB%9F/%E5%B0%8F%E6%9E%97coding/%E7%BD%91%E7%BB%9C%E7%B3%BB%E7%BB%9F/</guid>
    <description><![CDATA[本系列笔记为作者在跟随小林coding学习的时候做的笔记。感谢小林大大。 什么是零拷贝 减少「用户态与内核态的上下文切换」和「内存拷贝」的次数 两]]></description>
</item>
<item>
    <title>操作系统-windows-个人笔记</title>
    <link>https://oublie6.github.io/posts/%E6%93%8D%E4%BD%9C%E7%B3%BB%E7%BB%9F/windows/%E4%B8%AA%E4%BA%BA%E7%AC%94%E8%AE%B0/</link>
    <pubDate>Tue, 28 Feb 2023 19:14:36 &#43;0800</pubDate>
    <author>oublie</author>
    <guid>https://oublie6.github.io/posts/%E6%93%8D%E4%BD%9C%E7%B3%BB%E7%BB%9F/windows/%E4%B8%AA%E4%BA%BA%E7%AC%94%E8%AE%B0/</guid>
    <description><![CDATA[windows官网 防火墙配置 windows官网防火墙文档 入站默认阻止，出站默认允许 主要配置入站规则 安全连接规则主要是配置身份验证相关的配置 入]]></description>
</item>
<item>
    <title>操作系统-linux-个人笔记</title>
    <link>https://oublie6.github.io/posts/%E6%93%8D%E4%BD%9C%E7%B3%BB%E7%BB%9F/linux/%E4%B8%AA%E4%BA%BA%E7%AC%94%E8%AE%B0/</link>
    <pubDate>Sat, 18 Feb 2023 13:15:22 &#43;0800</pubDate>
    <author>oublie</author>
    <guid>https://oublie6.github.io/posts/%E6%93%8D%E4%BD%9C%E7%B3%BB%E7%BB%9F/linux/%E4%B8%AA%E4%BA%BA%E7%AC%94%E8%AE%B0/</guid>
    <description><![CDATA[ubuntu官方文档 ubuntu 18.04 server官方文档 linux265 文件权限 菜鸟教程 Linux 文件基本属性 12位四列，每列3位 第一列标记文件类型 -：普通文件 d：目录文件 b]]></description>
</item>
<item>
    <title>操作系统-linux-常用命令</title>
    <link>https://oublie6.github.io/posts/%E6%93%8D%E4%BD%9C%E7%B3%BB%E7%BB%9F/linux/%E5%B8%B8%E7%94%A8%E5%91%BD%E4%BB%A4/</link>
    <pubDate>Sun, 29 Jan 2023 10:15:30 &#43;0800</pubDate>
    <author>oublie</author>
    <guid>https://oublie6.github.io/posts/%E6%93%8D%E4%BD%9C%E7%B3%BB%E7%BB%9F/linux/%E5%B8%B8%E7%94%A8%E5%91%BD%E4%BB%A4/</guid>
    <description><![CDATA[ubuntu官方文档 ubuntu 18.04 server官方文档 linux265 菜鸟教程 命令大全 菜鸟教程Linux 常用命令集合 掘金 小图子 玩转Linux操作系统 博客园 单界 通常都]]></description>
</item>
<item>
    <title>操作系统-小林coding-Linux命令</title>
    <link>https://oublie6.github.io/posts/%E6%93%8D%E4%BD%9C%E7%B3%BB%E7%BB%9F/%E5%B0%8F%E6%9E%97coding/linux%E5%91%BD%E4%BB%A4/</link>
    <pubDate>Sun, 15 Jan 2023 15:51:42 &#43;0800</pubDate>
    <author>oublie</author>
    <guid>https://oublie6.github.io/posts/%E6%93%8D%E4%BD%9C%E7%B3%BB%E7%BB%9F/%E5%B0%8F%E6%9E%97coding/linux%E5%91%BD%E4%BB%A4/</guid>
    <description><![CDATA[本系列笔记为作者在跟随小林coding学习的时候做的笔记。感谢小林大大。 Linux命令 如何查看网络的性能指标 通常是以 4 个指标来衡量网络的性能]]></description>
</item>
<item>
    <title>操作系统-小林coding-进程管理</title>
    <link>https://oublie6.github.io/posts/%E6%93%8D%E4%BD%9C%E7%B3%BB%E7%BB%9F/%E5%B0%8F%E6%9E%97coding/%E8%BF%9B%E7%A8%8B%E7%AE%A1%E7%90%86/</link>
    <pubDate>Sun, 15 Jan 2023 14:42:22 &#43;0800</pubDate>
    <author>oublie</author>
    <guid>https://oublie6.github.io/posts/%E6%93%8D%E4%BD%9C%E7%B3%BB%E7%BB%9F/%E5%B0%8F%E6%9E%97coding/%E8%BF%9B%E7%A8%8B%E7%AE%A1%E7%90%86/</guid>
    <description><![CDATA[本系列笔记为作者在跟随小林coding学习的时候做的笔记。感谢小林大大。 进程管理 进程、线程基础知识 进程 运行中的程序，就被称为「进程」（Pro]]></description>
</item>
<item>
    <title>操作系统-小林coding-内存管理</title>
    <link>https://oublie6.github.io/posts/%E6%93%8D%E4%BD%9C%E7%B3%BB%E7%BB%9F/%E5%B0%8F%E6%9E%97coding/%E5%86%85%E5%AD%98%E7%AE%A1%E7%90%86/</link>
    <pubDate>Sun, 15 Jan 2023 14:05:19 &#43;0800</pubDate>
    <author>oublie</author>
    <guid>https://oublie6.github.io/posts/%E6%93%8D%E4%BD%9C%E7%B3%BB%E7%BB%9F/%E5%B0%8F%E6%9E%97coding/%E5%86%85%E5%AD%98%E7%AE%A1%E7%90%86/</guid>
    <description><![CDATA[本系列笔记为作者在跟随小林coding学习的时候做的笔记。感谢小林大大。 内存管理 为什么要有虚拟内存 操作系统为每个进程分配独立的「虚拟地址」。]]></description>
</item>
<item>
    <title>操作系统-linux-服务器命令</title>
    <link>https://oublie6.github.io/posts/%E6%93%8D%E4%BD%9C%E7%B3%BB%E7%BB%9F/linux/%E6%9C%8D%E5%8A%A1%E5%99%A8%E5%91%BD%E4%BB%A4/</link>
    <pubDate>Fri, 13 Jan 2023 15:08:19 &#43;0800</pubDate>
    <author>oublie</author>
    <guid>https://oublie6.github.io/posts/%E6%93%8D%E4%BD%9C%E7%B3%BB%E7%BB%9F/linux/%E6%9C%8D%E5%8A%A1%E5%99%A8%E5%91%BD%E4%BB%A4/</guid>
    <description><![CDATA[ubuntu官方文档 ubuntu 18.04 server官方文档 linux265 scp 上传本地aa.log文件到服务器目录home下 1 scp ~/Downloads/aa.log user@192.168.31.68:/home/ 将服务器目录/home/aa.log 文]]></description>
</item>
</channel>
</rss>
