<rss xmlns:atom="http://www.w3.org/2005/Atom" version="2.0">
    <channel>
        <title>git - Tag - Oublie的Hugo博客</title>
        <link>https://oublie6.github.io/tags/git/</link>
        <description>git - Tag - Oublie的Hugo博客</description>
        <generator>Hugo -- gohugo.io</generator><language>zh-CN</language><managingEditor>313166062@qq.com (oublie)</managingEditor>
            <webMaster>313166062@qq.com (oublie)</webMaster><lastBuildDate>Thu, 02 Mar 2023 10:41:41 &#43;0800</lastBuildDate><atom:link href="https://oublie6.github.io/tags/git/" rel="self" type="application/rss+xml" /><item>
    <title>版本控制-git-LearnGitBranching-远程</title>
    <link>https://oublie6.github.io/posts/%E7%89%88%E6%9C%AC%E6%8E%A7%E5%88%B6/git/learngitbranching/%E8%BF%9C%E7%A8%8B/</link>
    <pubDate>Thu, 02 Mar 2023 10:41:41 &#43;0800</pubDate>
    <author>oublie</author>
    <guid>https://oublie6.github.io/posts/%E7%89%88%E6%9C%AC%E6%8E%A7%E5%88%B6/git/learngitbranching/%E8%BF%9C%E7%A8%8B/</guid>
    <description><![CDATA[git文档 本文来源于LearnGitBranching官网 Push &amp; Pull —— Git 远程仓库！ 远程仓库 远程仓库有一系列强大的特性 首先也是最重要的的点, 远程]]></description>
</item>
<item>
    <title>版本控制-git-LearnGitBranching-主要</title>
    <link>https://oublie6.github.io/posts/%E7%89%88%E6%9C%AC%E6%8E%A7%E5%88%B6/git/learngitbranching/%E4%B8%BB%E8%A6%81/</link>
    <pubDate>Thu, 02 Mar 2023 10:41:26 &#43;0800</pubDate>
    <author>oublie</author>
    <guid>https://oublie6.github.io/posts/%E7%89%88%E6%9C%AC%E6%8E%A7%E5%88%B6/git/learngitbranching/%E4%B8%BB%E8%A6%81/</guid>
    <description><![CDATA[git文档 本文来源于LearnGitBranching官网 基础篇 git commit Git 仓库中的提交记录保存的是你的目录下所有文件的快照 Git 将当前版本与仓库中的]]></description>
</item>
<item>
    <title>版本控制-git-个人笔记</title>
    <link>https://oublie6.github.io/posts/%E7%89%88%E6%9C%AC%E6%8E%A7%E5%88%B6/git/%E4%B8%AA%E4%BA%BA%E7%AC%94%E8%AE%B0/</link>
    <pubDate>Thu, 02 Mar 2023 10:17:27 &#43;0800</pubDate>
    <author>oublie</author>
    <guid>https://oublie6.github.io/posts/%E7%89%88%E6%9C%AC%E6%8E%A7%E5%88%B6/git/%E4%B8%AA%E4%BA%BA%E7%AC%94%E8%AE%B0/</guid>
    <description><![CDATA[git文档 配置代理 CSDN慕白Lee .gitconfig文件，放etc（全部用户生效）或者~（当前用户生效） 1 2 3 4 5 6 7 [http] proxy = 192.168.171.1:8888 [https] proxy = 192.168.171.1:8888 配]]></description>
</item>
<item>
    <title>版本控制-git-东哥笔记</title>
    <link>https://oublie6.github.io/posts/%E7%89%88%E6%9C%AC%E6%8E%A7%E5%88%B6/git/%E4%B8%9C%E5%93%A5%E7%AC%94%E8%AE%B0/</link>
    <pubDate>Sat, 15 Oct 2022 10:44:19 &#43;0800</pubDate>
    <author>oublie</author>
    <guid>https://oublie6.github.io/posts/%E7%89%88%E6%9C%AC%E6%8E%A7%E5%88%B6/git/%E4%B8%9C%E5%93%A5%E7%AC%94%E8%AE%B0/</guid>
    <description><![CDATA[git文档 本文来源于labuladong的算法笔记 三个分区:working directory，stage/index area，commit h]]></description>
</item>
</channel>
</rss>
