<rss xmlns:atom="http://www.w3.org/2005/Atom" version="2.0">
    <channel>
        <title>面试 - Tag - Oublie的Hugo博客</title>
        <link>https://oublie6.github.io/tags/%E9%9D%A2%E8%AF%95/</link>
        <description>面试 - Tag - Oublie的Hugo博客</description>
        <generator>Hugo -- gohugo.io</generator><language>zh-CN</language><managingEditor>313166062@qq.com (oublie)</managingEditor>
            <webMaster>313166062@qq.com (oublie)</webMaster><lastBuildDate>Sat, 22 Apr 2023 15:07:31 &#43;0800</lastBuildDate><atom:link href="https://oublie6.github.io/tags/%E9%9D%A2%E8%AF%95/" rel="self" type="application/rss+xml" /><item>
    <title>面试-面试</title>
    <link>https://oublie6.github.io/posts/%E9%9D%A2%E8%AF%95/%E9%9D%A2%E8%AF%95/</link>
    <pubDate>Sat, 22 Apr 2023 15:07:31 &#43;0800</pubDate>
    <author>oublie</author>
    <guid>https://oublie6.github.io/posts/%E9%9D%A2%E8%AF%95/%E9%9D%A2%E8%AF%95/</guid>
    <description><![CDATA[阿里云实习 两个gorountine交替打印1-100 CSDN 洗澡水加冰 1 2 3 4 5 6 7 8 9 10 11 12 13 14 15 16 17 18 19 20 21 22 23 24 25 26 27 28 29 30 31 32 33 34 35 36 37 38]]></description>
</item>
</channel>
</rss>
