<rss xmlns:atom="http://www.w3.org/2005/Atom" version="2.0">
    <channel>
        <title>MongoDB - Tag - Oublie的Hugo博客</title>
        <link>https://oublie6.github.io/tags/mongodb/</link>
        <description>MongoDB - Tag - Oublie的Hugo博客</description>
        <generator>Hugo -- gohugo.io</generator><language>zh-CN</language><managingEditor>313166062@qq.com (oublie)</managingEditor>
            <webMaster>313166062@qq.com (oublie)</webMaster><lastBuildDate>Mon, 02 Jan 2023 01:13:03 &#43;0800</lastBuildDate><atom:link href="https://oublie6.github.io/tags/mongodb/" rel="self" type="application/rss+xml" /><item>
    <title>数据库-MongoDB-简介</title>
    <link>https://oublie6.github.io/posts/%E6%95%B0%E6%8D%AE%E5%BA%93/mongodb/%E7%AE%80%E4%BB%8B/</link>
    <pubDate>Mon, 02 Jan 2023 01:13:03 &#43;0800</pubDate>
    <author>oublie</author>
    <guid>https://oublie6.github.io/posts/%E6%95%B0%E6%8D%AE%E5%BA%93/mongodb/%E7%AE%80%E4%BB%8B/</guid>
    <description><![CDATA[菜鸟教程 NoSQL（非关系型数据库）的一种，文档数据库 三个概念 数据库（database）：存放集合 集合（collection）；存放统一结构]]></description>
</item>
</channel>
</rss>
