<rss xmlns:atom="http://www.w3.org/2005/Atom" version="2.0">
    <channel>
        <title>Anaconda3 - Tag - Oublie的Hugo博客</title>
        <link>https://oublie6.github.io/tags/anaconda3/</link>
        <description>Anaconda3 - Tag - Oublie的Hugo博客</description>
        <generator>Hugo -- gohugo.io</generator><language>zh-CN</language><managingEditor>313166062@qq.com (oublie)</managingEditor>
            <webMaster>313166062@qq.com (oublie)</webMaster><lastBuildDate>Sun, 26 Feb 2023 11:53:41 &#43;0800</lastBuildDate><atom:link href="https://oublie6.github.io/tags/anaconda3/" rel="self" type="application/rss+xml" /><item>
    <title>Python-Anaconda3</title>
    <link>https://oublie6.github.io/posts/python/anaconda3/</link>
    <pubDate>Sun, 26 Feb 2023 11:53:41 &#43;0800</pubDate>
    <author>oublie</author>
    <guid>https://oublie6.github.io/posts/python/anaconda3/</guid>
    <description><![CDATA[常用命令 conda环境管理 1 2 3 4 5 6 conda create -n xxx package #创建环境 conda activate xxx #激活环境 conda deactivate xxx #离开环境 conda env list #显示所有conda虚拟环境 conda env remove -n xxx #删除]]></description>
</item>
</channel>
</rss>
