<rss xmlns:atom="http://www.w3.org/2005/Atom" version="2.0">
    <channel>
        <title>labuladong系列 - Tag - Oublie的Hugo博客</title>
        <link>https://oublie6.github.io/tags/labuladong%E7%B3%BB%E5%88%97/</link>
        <description>labuladong系列 - Tag - Oublie的Hugo博客</description>
        <generator>Hugo -- gohugo.io</generator><language>zh-CN</language><managingEditor>313166062@qq.com (oublie)</managingEditor>
            <webMaster>313166062@qq.com (oublie)</webMaster><lastBuildDate>Sat, 04 Feb 2023 15:56:50 &#43;0800</lastBuildDate><atom:link href="https://oublie6.github.io/tags/labuladong%E7%B3%BB%E5%88%97/" rel="self" type="application/rss+xml" /><item>
    <title>数据结构与算法-labuladong-第二章</title>
    <link>https://oublie6.github.io/posts/%E6%95%B0%E6%8D%AE%E7%BB%93%E6%9E%84%E4%B8%8E%E7%AE%97%E6%B3%95/labuladong/%E7%AC%AC%E4%BA%8C%E7%AB%A0/</link>
    <pubDate>Sat, 04 Feb 2023 15:56:50 &#43;0800</pubDate>
    <author>oublie</author>
    <guid>https://oublie6.github.io/posts/%E6%95%B0%E6%8D%AE%E7%BB%93%E6%9E%84%E4%B8%8E%E7%AE%97%E6%B3%95/labuladong/%E7%AC%AC%E4%BA%8C%E7%AB%A0/</guid>
    <description><![CDATA[本系列笔记为作者在跟随labuladong的算法小抄学习的时候结合golang做的笔记。感谢东哥。另外根据东哥对算法的分类法，将自己平时记的]]></description>
</item>
<item>
    <title>数据结构与算法-labuladong-第三章</title>
    <link>https://oublie6.github.io/posts/%E6%95%B0%E6%8D%AE%E7%BB%93%E6%9E%84%E4%B8%8E%E7%AE%97%E6%B3%95/labuladong/%E7%AC%AC%E4%B8%89%E7%AB%A0/</link>
    <pubDate>Fri, 30 Dec 2022 16:19:06 &#43;0800</pubDate>
    <author>oublie</author>
    <guid>https://oublie6.github.io/posts/%E6%95%B0%E6%8D%AE%E7%BB%93%E6%9E%84%E4%B8%8E%E7%AE%97%E6%B3%95/labuladong/%E7%AC%AC%E4%B8%89%E7%AB%A0/</guid>
    <description><![CDATA[本系列笔记为作者在跟随labuladong的算法小抄学习的时候结合golang做的笔记。感谢东哥。另外根据东哥对算法的分类法，将自己平时记的]]></description>
</item>
<item>
    <title>数据结构与算法-labuladong-第零章和第一章</title>
    <link>https://oublie6.github.io/posts/%E6%95%B0%E6%8D%AE%E7%BB%93%E6%9E%84%E4%B8%8E%E7%AE%97%E6%B3%95/labuladong/%E7%AC%AC%E9%9B%B6%E7%AB%A0%E5%92%8C%E7%AC%AC%E4%B8%80%E7%AB%A0/</link>
    <pubDate>Thu, 29 Dec 2022 19:11:57 &#43;0800</pubDate>
    <author>oublie</author>
    <guid>https://oublie6.github.io/posts/%E6%95%B0%E6%8D%AE%E7%BB%93%E6%9E%84%E4%B8%8E%E7%AE%97%E6%B3%95/labuladong/%E7%AC%AC%E9%9B%B6%E7%AB%A0%E5%92%8C%E7%AC%AC%E4%B8%80%E7%AB%A0/</guid>
    <description><![CDATA[本系列笔记为作者在跟随labuladong的算法小抄学习的时候结合golang做的笔记。感谢东哥。另外根据东哥对算法的分类法，将自己平时记的]]></description>
</item>
</channel>
</rss>
