<rss xmlns:atom="http://www.w3.org/2005/Atom" version="2.0">
    <channel>
        <title>中间件 - Category - Oublie的Hugo博客</title>
        <link>https://oublie6.github.io/categories/%E4%B8%AD%E9%97%B4%E4%BB%B6/</link>
        <description>中间件 - Category - Oublie的Hugo博客</description>
        <generator>Hugo -- gohugo.io</generator><language>zh-CN</language><managingEditor>313166062@qq.com (oublie)</managingEditor>
            <webMaster>313166062@qq.com (oublie)</webMaster><lastBuildDate>Wed, 28 Jun 2023 14:03:30 &#43;0800</lastBuildDate><atom:link href="https://oublie6.github.io/categories/%E4%B8%AD%E9%97%B4%E4%BB%B6/" rel="self" type="application/rss+xml" /><item>
    <title>中间件-Grafana</title>
    <link>https://oublie6.github.io/posts/%E4%B8%AD%E9%97%B4%E4%BB%B6/grafana/</link>
    <pubDate>Wed, 28 Jun 2023 14:03:30 &#43;0800</pubDate>
    <author>oublie</author>
    <guid>https://oublie6.github.io/posts/%E4%B8%AD%E9%97%B4%E4%BB%B6/grafana/</guid>
    <description><![CDATA[grafana官网文档 grafana是一个开源看板，分为数据源和dashboard 支持不同的数据源，比如mysql，promethues，i]]></description>
</item>
<item>
    <title>中间件-Prometheus</title>
    <link>https://oublie6.github.io/posts/%E4%B8%AD%E9%97%B4%E4%BB%B6/prometheus/</link>
    <pubDate>Tue, 13 Jun 2023 14:30:54 &#43;0800</pubDate>
    <author>oublie</author>
    <guid>https://oublie6.github.io/posts/%E4%B8%AD%E9%97%B4%E4%BB%B6/prometheus/</guid>
    <description><![CDATA[Prometheus官网文档 PromQL 官网API文档]]></description>
</item>
<item>
    <title>中间件-个人笔记</title>
    <link>https://oublie6.github.io/posts/%E4%B8%AD%E9%97%B4%E4%BB%B6/%E4%B8%AA%E4%BA%BA%E7%AC%94%E8%AE%B0/</link>
    <pubDate>Fri, 03 Mar 2023 14:33:25 &#43;0800</pubDate>
    <author>oublie</author>
    <guid>https://oublie6.github.io/posts/%E4%B8%AD%E9%97%B4%E4%BB%B6/%E4%B8%AA%E4%BA%BA%E7%AC%94%E8%AE%B0/</guid>
    <description><![CDATA[Nginx,apatch和tomcat的区别 CSDN 芒果果。 apatch和nginx可以做静态资源服务器，tomcat是用于部署java动态页面应]]></description>
</item>
<item>
    <title>中间件-Nginx</title>
    <link>https://oublie6.github.io/posts/%E4%B8%AD%E9%97%B4%E4%BB%B6/nginx/</link>
    <pubDate>Fri, 03 Mar 2023 14:32:32 &#43;0800</pubDate>
    <author>oublie</author>
    <guid>https://oublie6.github.io/posts/%E4%B8%AD%E9%97%B4%E4%BB%B6/nginx/</guid>
    <description><![CDATA[本文为作者跟着nginx官网学习时做的笔记，可能并不详尽，要了解完整内容请上官网查看 初学者指南 本指南对 nginx 进行了基本介绍，并描述了一些可以用它]]></description>
</item>
<item>
    <title>中间件-Kafka</title>
    <link>https://oublie6.github.io/posts/%E4%B8%AD%E9%97%B4%E4%BB%B6/kafka/</link>
    <pubDate>Fri, 23 Dec 2022 09:10:47 &#43;0800</pubDate>
    <author>oublie</author>
    <guid>https://oublie6.github.io/posts/%E4%B8%AD%E9%97%B4%E4%BB%B6/kafka/</guid>
    <description><![CDATA[官方文档 CSDN luslin1711 CSDN 乾坤鸟 Docker安装Kafka教程（超详细） 简介 Kafka 结合了三个关键功能 发布（写入）和订阅（读取）事件流。 持久可靠地存储事件 流。]]></description>
</item>
</channel>
</rss>
