<rss xmlns:atom="http://www.w3.org/2005/Atom" version="2.0">
    <channel>
        <title>小林coding系列 - Tag - Oublie的Hugo博客</title>
        <link>https://oublie6.github.io/tags/%E5%B0%8F%E6%9E%97coding%E7%B3%BB%E5%88%97/</link>
        <description>小林coding系列 - Tag - Oublie的Hugo博客</description>
        <generator>Hugo -- gohugo.io</generator><language>zh-CN</language><managingEditor>313166062@qq.com (oublie)</managingEditor>
            <webMaster>313166062@qq.com (oublie)</webMaster><lastBuildDate>Sat, 13 May 2023 16:28:51 &#43;0800</lastBuildDate><atom:link href="https://oublie6.github.io/tags/%E5%B0%8F%E6%9E%97coding%E7%B3%BB%E5%88%97/" rel="self" type="application/rss+xml" /><item>
    <title>操作系统-小林coding-调度算法</title>
    <link>https://oublie6.github.io/posts/%E6%93%8D%E4%BD%9C%E7%B3%BB%E7%BB%9F/%E5%B0%8F%E6%9E%97coding/%E8%B0%83%E5%BA%A6%E7%AE%97%E6%B3%95/</link>
    <pubDate>Sat, 13 May 2023 16:28:51 &#43;0800</pubDate>
    <author>oublie</author>
    <guid>https://oublie6.github.io/posts/%E6%93%8D%E4%BD%9C%E7%B3%BB%E7%BB%9F/%E5%B0%8F%E6%9E%97coding/%E8%B0%83%E5%BA%A6%E7%AE%97%E6%B3%95/</guid>
    <description><![CDATA[本系列笔记为作者在跟随小林coding学习的时候做的笔记。感谢小林大大。 进程调度算法 按是否抢占 分为抢占式和非抢占式 按具体策略 先来先服务调度算]]></description>
</item>
<item>
    <title>操作系统-小林coding-网络系统</title>
    <link>https://oublie6.github.io/posts/%E6%93%8D%E4%BD%9C%E7%B3%BB%E7%BB%9F/%E5%B0%8F%E6%9E%97coding/%E7%BD%91%E7%BB%9C%E7%B3%BB%E7%BB%9F/</link>
    <pubDate>Wed, 05 Apr 2023 17:02:18 &#43;0800</pubDate>
    <author>oublie</author>
    <guid>https://oublie6.github.io/posts/%E6%93%8D%E4%BD%9C%E7%B3%BB%E7%BB%9F/%E5%B0%8F%E6%9E%97coding/%E7%BD%91%E7%BB%9C%E7%B3%BB%E7%BB%9F/</guid>
    <description><![CDATA[本系列笔记为作者在跟随小林coding学习的时候做的笔记。感谢小林大大。 什么是零拷贝 减少「用户态与内核态的上下文切换」和「内存拷贝」的次数 两]]></description>
</item>
<item>
    <title>操作系统-小林coding-Linux命令</title>
    <link>https://oublie6.github.io/posts/%E6%93%8D%E4%BD%9C%E7%B3%BB%E7%BB%9F/%E5%B0%8F%E6%9E%97coding/linux%E5%91%BD%E4%BB%A4/</link>
    <pubDate>Sun, 15 Jan 2023 15:51:42 &#43;0800</pubDate>
    <author>oublie</author>
    <guid>https://oublie6.github.io/posts/%E6%93%8D%E4%BD%9C%E7%B3%BB%E7%BB%9F/%E5%B0%8F%E6%9E%97coding/linux%E5%91%BD%E4%BB%A4/</guid>
    <description><![CDATA[本系列笔记为作者在跟随小林coding学习的时候做的笔记。感谢小林大大。 Linux命令 如何查看网络的性能指标 通常是以 4 个指标来衡量网络的性能]]></description>
</item>
<item>
    <title>操作系统-小林coding-进程管理</title>
    <link>https://oublie6.github.io/posts/%E6%93%8D%E4%BD%9C%E7%B3%BB%E7%BB%9F/%E5%B0%8F%E6%9E%97coding/%E8%BF%9B%E7%A8%8B%E7%AE%A1%E7%90%86/</link>
    <pubDate>Sun, 15 Jan 2023 14:42:22 &#43;0800</pubDate>
    <author>oublie</author>
    <guid>https://oublie6.github.io/posts/%E6%93%8D%E4%BD%9C%E7%B3%BB%E7%BB%9F/%E5%B0%8F%E6%9E%97coding/%E8%BF%9B%E7%A8%8B%E7%AE%A1%E7%90%86/</guid>
    <description><![CDATA[本系列笔记为作者在跟随小林coding学习的时候做的笔记。感谢小林大大。 进程管理 进程、线程基础知识 进程 运行中的程序，就被称为「进程」（Pro]]></description>
</item>
<item>
    <title>操作系统-小林coding-内存管理</title>
    <link>https://oublie6.github.io/posts/%E6%93%8D%E4%BD%9C%E7%B3%BB%E7%BB%9F/%E5%B0%8F%E6%9E%97coding/%E5%86%85%E5%AD%98%E7%AE%A1%E7%90%86/</link>
    <pubDate>Sun, 15 Jan 2023 14:05:19 &#43;0800</pubDate>
    <author>oublie</author>
    <guid>https://oublie6.github.io/posts/%E6%93%8D%E4%BD%9C%E7%B3%BB%E7%BB%9F/%E5%B0%8F%E6%9E%97coding/%E5%86%85%E5%AD%98%E7%AE%A1%E7%90%86/</guid>
    <description><![CDATA[本系列笔记为作者在跟随小林coding学习的时候做的笔记。感谢小林大大。 内存管理 为什么要有虚拟内存 操作系统为每个进程分配独立的「虚拟地址」。]]></description>
</item>
<item>
    <title>计算机网络-小林coding-IP篇</title>
    <link>https://oublie6.github.io/posts/%E8%AE%A1%E7%AE%97%E6%9C%BA%E7%BD%91%E7%BB%9C/%E5%B0%8F%E6%9E%97coding/ip%E7%AF%87/</link>
    <pubDate>Sun, 25 Dec 2022 22:26:04 &#43;0800</pubDate>
    <author>oublie</author>
    <guid>https://oublie6.github.io/posts/%E8%AE%A1%E7%AE%97%E6%9C%BA%E7%BD%91%E7%BB%9C/%E5%B0%8F%E6%9E%97coding/ip%E7%AF%87/</guid>
    <description><![CDATA[本系列笔记为作者在跟随小林coding学习的时候做的笔记。感谢小林大大。加上自己的笔记 IP 基础知识全家桶 前菜 —— IP 基本认识 网络层实现主机与主机]]></description>
</item>
<item>
    <title>计算机网络-小林coding-TCP篇</title>
    <link>https://oublie6.github.io/posts/%E8%AE%A1%E7%AE%97%E6%9C%BA%E7%BD%91%E7%BB%9C/%E5%B0%8F%E6%9E%97coding/tcp%E7%AF%87/</link>
    <pubDate>Sun, 25 Dec 2022 18:07:54 &#43;0800</pubDate>
    <author>oublie</author>
    <guid>https://oublie6.github.io/posts/%E8%AE%A1%E7%AE%97%E6%9C%BA%E7%BD%91%E7%BB%9C/%E5%B0%8F%E6%9E%97coding/tcp%E7%AF%87/</guid>
    <description><![CDATA[本系列笔记为作者在跟随小林coding学习的时候做的笔记。感谢小林大大。加上自己的笔记 TCP 三次握手与四次挥手面试题 TCP 基本认识 TCP 头格式 http头]]></description>
</item>
<item>
    <title>数据库-redis-小林coding-缓存篇</title>
    <link>https://oublie6.github.io/posts/%E6%95%B0%E6%8D%AE%E5%BA%93/redis/%E5%B0%8F%E6%9E%97coding/%E7%BC%93%E5%AD%98%E7%AF%87/</link>
    <pubDate>Fri, 23 Dec 2022 19:32:10 &#43;0800</pubDate>
    <author>oublie</author>
    <guid>https://oublie6.github.io/posts/%E6%95%B0%E6%8D%AE%E5%BA%93/redis/%E5%B0%8F%E6%9E%97coding/%E7%BC%93%E5%AD%98%E7%AF%87/</guid>
    <description><![CDATA[本系列笔记为作者在跟随小林coding学习的时候做的笔记。感谢小林大大。 缓存雪崩、击穿、穿透 缓存雪崩 本质：大量请求来到数据库 原因：大量缓存数]]></description>
</item>
<item>
    <title>数据库-redis-小林coding-高可用篇</title>
    <link>https://oublie6.github.io/posts/%E6%95%B0%E6%8D%AE%E5%BA%93/redis/%E5%B0%8F%E6%9E%97coding/%E9%AB%98%E5%8F%AF%E7%94%A8%E7%AF%87/</link>
    <pubDate>Fri, 23 Dec 2022 18:48:34 &#43;0800</pubDate>
    <author>oublie</author>
    <guid>https://oublie6.github.io/posts/%E6%95%B0%E6%8D%AE%E5%BA%93/redis/%E5%B0%8F%E6%9E%97coding/%E9%AB%98%E5%8F%AF%E7%94%A8%E7%AF%87/</guid>
    <description><![CDATA[本系列笔记为作者在跟随小林coding学习的时候做的笔记。感谢小林大大。 主从复制是怎么实现 全量复制、基于长连接的命令传播、增量复制 第一次同步]]></description>
</item>
<item>
    <title>数据库-redis-小林coding-功能篇</title>
    <link>https://oublie6.github.io/posts/%E6%95%B0%E6%8D%AE%E5%BA%93/redis/%E5%B0%8F%E6%9E%97coding/%E5%8A%9F%E8%83%BD%E7%AF%87/</link>
    <pubDate>Fri, 23 Dec 2022 16:29:05 &#43;0800</pubDate>
    <author>oublie</author>
    <guid>https://oublie6.github.io/posts/%E6%95%B0%E6%8D%AE%E5%BA%93/redis/%E5%B0%8F%E6%9E%97coding/%E5%8A%9F%E8%83%BD%E7%AF%87/</guid>
    <description><![CDATA[本系列笔记为作者在跟随小林coding学习的时候做的笔记。感谢小林大大。 过期删除策略 设置 key 过期时间的命令: expire &lt;key&gt; &lt;n&gt;:key 在 n 秒后过期 pexpire &lt;key&gt; &lt;n&gt;:key 在 n 毫秒后]]></description>
</item>
</channel>
</rss>
