<rss xmlns:atom="http://www.w3.org/2005/Atom" version="2.0">
    <channel>
        <title>macOS - Tag - Oublie的Hugo博客</title>
        <link>https://oublie6.github.io/tags/macos/</link>
        <description>macOS - Tag - Oublie的Hugo博客</description>
        <generator>Hugo -- gohugo.io</generator><language>zh-CN</language><managingEditor>313166062@qq.com (oublie)</managingEditor>
            <webMaster>313166062@qq.com (oublie)</webMaster><lastBuildDate>Tue, 06 Jun 2023 10:29:01 &#43;0800</lastBuildDate><atom:link href="https://oublie6.github.io/tags/macos/" rel="self" type="application/rss+xml" /><item>
    <title>操作系统-macOS-个人笔记</title>
    <link>https://oublie6.github.io/posts/%E6%93%8D%E4%BD%9C%E7%B3%BB%E7%BB%9F/macos/%E4%B8%AA%E4%BA%BA%E7%AC%94%E8%AE%B0/</link>
    <pubDate>Tue, 06 Jun 2023 10:29:01 &#43;0800</pubDate>
    <author>oublie</author>
    <guid>https://oublie6.github.io/posts/%E6%93%8D%E4%BD%9C%E7%B3%BB%E7%BB%9F/macos/%E4%B8%AA%E4%BA%BA%E7%AC%94%E8%AE%B0/</guid>
    <description><![CDATA[macOS官网 访达显示隐藏文件 command+shift+. 访达打开根目录 访达菜单栏点击 &ldquo;前往&rdquo;，然后点击 &ldquo;前往文件夹&hellip]]></description>
</item>
</channel>
</rss>
