<rss xmlns:atom="http://www.w3.org/2005/Atom" version="2.0">
    <channel>
        <title>mininet - Tag - Oublie的Hugo博客</title>
        <link>https://oublie6.github.io/tags/mininet/</link>
        <description>mininet - Tag - Oublie的Hugo博客</description>
        <generator>Hugo -- gohugo.io</generator><language>zh-CN</language><managingEditor>313166062@qq.com (oublie)</managingEditor>
            <webMaster>313166062@qq.com (oublie)</webMaster><lastBuildDate>Fri, 17 Feb 2023 22:29:27 &#43;0800</lastBuildDate><atom:link href="https://oublie6.github.io/tags/mininet/" rel="self" type="application/rss+xml" /><item>
    <title>Python-第三方库-mininet-Openflow教程</title>
    <link>https://oublie6.github.io/posts/python/%E7%AC%AC%E4%B8%89%E6%96%B9%E5%BA%93/mininet/openflow%E6%95%99%E7%A8%8B/</link>
    <pubDate>Fri, 17 Feb 2023 22:29:27 &#43;0800</pubDate>
    <author>oublie</author>
    <guid>https://oublie6.github.io/posts/python/%E7%AC%AC%E4%B8%89%E6%96%B9%E5%BA%93/mininet/openflow%E6%95%99%E7%A8%8B/</guid>
    <description><![CDATA[mininet官网 mininet官网文档 mininet官网api openflow教程 学习开发工具 启动网络 1 sudo mn --topo single,3 --mac --switch ovsk --controller remote ovs-ofctl 示例用法 ovs]]></description>
</item>
<item>
    <title>Python-第三方库-mininet-Mininet简介</title>
    <link>https://oublie6.github.io/posts/python/%E7%AC%AC%E4%B8%89%E6%96%B9%E5%BA%93/mininet/mininet%E7%AE%80%E4%BB%8B/</link>
    <pubDate>Tue, 29 Nov 2022 11:18:06 &#43;0800</pubDate>
    <author>oublie</author>
    <guid>https://oublie6.github.io/posts/python/%E7%AC%AC%E4%B8%89%E6%96%B9%E5%BA%93/mininet/mininet%E7%AE%80%E4%BB%8B/</guid>
    <description><![CDATA[mininet官网 mininet官网文档 mininet官网api mininet简介 github 什么是迷你网？ Mininet 是一个网络仿真器，或者更准确地说是一个 网]]></description>
</item>
<item>
    <title>Python-第三方库-mininet-mininet演练</title>
    <link>https://oublie6.github.io/posts/python/%E7%AC%AC%E4%B8%89%E6%96%B9%E5%BA%93/mininet/mininet%E6%BC%94%E7%BB%83/</link>
    <pubDate>Tue, 29 Nov 2022 11:14:29 &#43;0800</pubDate>
    <author>oublie</author>
    <guid>https://oublie6.github.io/posts/python/%E7%AC%AC%E4%B8%89%E6%96%B9%E5%BA%93/mininet/mininet%E6%BC%94%E7%BB%83/</guid>
    <description><![CDATA[mininet官网 mininet官网文档 mininet官网api Mininet演练 第 1 部分：Mininet 的日常使用 首先，关于本演练的命令语]]></description>
</item>
<item>
    <title>Python-第三方库-mininet-Mininet示例工作流程</title>
    <link>https://oublie6.github.io/posts/python/%E7%AC%AC%E4%B8%89%E6%96%B9%E5%BA%93/mininet/mininet%E7%A4%BA%E4%BE%8B%E5%B7%A5%E4%BD%9C%E6%B5%81%E7%A8%8B/</link>
    <pubDate>Tue, 29 Nov 2022 11:12:25 &#43;0800</pubDate>
    <author>oublie</author>
    <guid>https://oublie6.github.io/posts/python/%E7%AC%AC%E4%B8%89%E6%96%B9%E5%BA%93/mininet/mininet%E7%A4%BA%E4%BE%8B%E5%B7%A5%E4%BD%9C%E6%B5%81%E7%A8%8B/</guid>
    <description><![CDATA[mininet官网 mininet官网文档 mininet官网api mininet官网工作流 创建网络 使用单个命令创建网络 在 OpenFlow/Stanford 参考控制器的控制下使]]></description>
</item>
</channel>
</rss>
