<rss xmlns:atom="http://www.w3.org/2005/Atom" version="2.0">
    <channel>
        <title>前端 - Category - Oublie的Hugo博客</title>
        <link>https://oublie6.github.io/categories/%E5%89%8D%E7%AB%AF/</link>
        <description>前端 - Category - Oublie的Hugo博客</description>
        <generator>Hugo -- gohugo.io</generator><language>zh-CN</language><managingEditor>313166062@qq.com (oublie)</managingEditor>
            <webMaster>313166062@qq.com (oublie)</webMaster><lastBuildDate>Sat, 29 Apr 2023 14:03:47 &#43;0800</lastBuildDate><atom:link href="https://oublie6.github.io/categories/%E5%89%8D%E7%AB%AF/" rel="self" type="application/rss+xml" /><item>
    <title>前端-微信-个人笔记</title>
    <link>https://oublie6.github.io/posts/%E5%89%8D%E7%AB%AF/%E5%BE%AE%E4%BF%A1/%E4%B8%AA%E4%BA%BA%E7%AC%94%E8%AE%B0/</link>
    <pubDate>Sat, 29 Apr 2023 14:03:47 &#43;0800</pubDate>
    <author>oublie</author>
    <guid>https://oublie6.github.io/posts/%E5%89%8D%E7%AB%AF/%E5%BE%AE%E4%BF%A1/%E4%B8%AA%E4%BA%BA%E7%AC%94%E8%AE%B0/</guid>
    <description><![CDATA[本系列是作者在跟着微信官网文档学习时做的笔记，可能并不详尽，读者可以到官网中查看完整内容。 小程序如何通过code查询用户openid 要通过 code]]></description>
</item>
<item>
    <title>前端-微信-第三方平台</title>
    <link>https://oublie6.github.io/posts/%E5%89%8D%E7%AB%AF/%E5%BE%AE%E4%BF%A1/%E7%AC%AC%E4%B8%89%E6%96%B9%E5%B9%B3%E5%8F%B0/</link>
    <pubDate>Tue, 18 Apr 2023 22:39:35 &#43;0800</pubDate>
    <author>oublie</author>
    <guid>https://oublie6.github.io/posts/%E5%89%8D%E7%AB%AF/%E5%BE%AE%E4%BF%A1/%E7%AC%AC%E4%B8%89%E6%96%B9%E5%B9%B3%E5%8F%B0/</guid>
    <description><![CDATA[本系列是作者在跟着微信官网文档学习时做的笔记，可能并不详尽，读者可以到官网中查看完整内容。 第三方平台官方文档 新手指引 基本概念 不同类型的ID：]]></description>
</item>
<item>
    <title>vite-简介</title>
    <link>https://oublie6.github.io/posts/%E5%89%8D%E7%AB%AF/vite/%E7%AE%80%E4%BB%8B/</link>
    <pubDate>Sun, 18 Dec 2022 21:42:36 &#43;0800</pubDate>
    <author>oublie</author>
    <guid>https://oublie6.github.io/posts/%E5%89%8D%E7%AB%AF/vite/%E7%AE%80%E4%BB%8B/</guid>
    <description><![CDATA[本系列是作者在跟着Vite官网学习时做的笔记，可能并不详尽，读者可以到官网中查看完整内容。 搭建项目 1 npm create vite@latest index.html 与项目根目录 项目加载流程： ind]]></description>
</item>
<item>
    <title>Vue-4逻辑复用</title>
    <link>https://oublie6.github.io/posts/%E5%89%8D%E7%AB%AF/vue/4%E9%80%BB%E8%BE%91%E5%A4%8D%E7%94%A8/</link>
    <pubDate>Fri, 16 Dec 2022 23:50:21 &#43;0800</pubDate>
    <author>oublie</author>
    <guid>https://oublie6.github.io/posts/%E5%89%8D%E7%AB%AF/vue/4%E9%80%BB%E8%BE%91%E5%A4%8D%E7%94%A8/</guid>
    <description><![CDATA[本系列是作者在跟着Vue官网学习时做的笔记，可能并不详尽，读者可以到官网中查看完整内容。本文只讲解带有&lt;script setup&gt;]]></description>
</item>
<item>
    <title>Vue-3深入组件</title>
    <link>https://oublie6.github.io/posts/%E5%89%8D%E7%AB%AF/vue/3%E6%B7%B1%E5%85%A5%E7%BB%84%E4%BB%B6/</link>
    <pubDate>Fri, 16 Dec 2022 16:14:45 &#43;0800</pubDate>
    <author>oublie</author>
    <guid>https://oublie6.github.io/posts/%E5%89%8D%E7%AB%AF/vue/3%E6%B7%B1%E5%85%A5%E7%BB%84%E4%BB%B6/</guid>
    <description><![CDATA[本系列是作者在跟着Vue官网学习时做的笔记，可能并不详尽，读者可以到官网中查看完整内容。本文只讲解带有&lt;script setup&gt;]]></description>
</item>
<item>
    <title>前端-杂记-Js匿名函数和箭头函数的区别</title>
    <link>https://oublie6.github.io/posts/%E5%89%8D%E7%AB%AF/%E6%9D%82%E8%AE%B0/js%E5%8C%BF%E5%90%8D%E5%87%BD%E6%95%B0%E5%92%8C%E7%AE%AD%E5%A4%B4%E5%87%BD%E6%95%B0%E7%9A%84%E5%8C%BA%E5%88%AB/</link>
    <pubDate>Fri, 16 Dec 2022 12:22:56 &#43;0800</pubDate>
    <author>oublie</author>
    <guid>https://oublie6.github.io/posts/%E5%89%8D%E7%AB%AF/%E6%9D%82%E8%AE%B0/js%E5%8C%BF%E5%90%8D%E5%87%BD%E6%95%B0%E5%92%8C%E7%AE%AD%E5%A4%B4%E5%87%BD%E6%95%B0%E7%9A%84%E5%8C%BA%E5%88%AB/</guid>
    <description><![CDATA[CSDN Senora 思否 Caddo 最大区别就是this指向。 普通函数：this指向直接调用者，非严格模式下没有找到直接调用者就指向window（严格模式下this是]]></description>
</item>
<item>
    <title>Vue-2基础</title>
    <link>https://oublie6.github.io/posts/%E5%89%8D%E7%AB%AF/vue/2%E5%9F%BA%E7%A1%80/</link>
    <pubDate>Thu, 15 Dec 2022 17:18:24 &#43;0800</pubDate>
    <author>oublie</author>
    <guid>https://oublie6.github.io/posts/%E5%89%8D%E7%AB%AF/vue/2%E5%9F%BA%E7%A1%80/</guid>
    <description><![CDATA[本系列是作者在跟着Vue官网学习时做的笔记，可能并不详尽，读者可以到官网中查看完整内容。本文只讲解带有&lt;script setup&gt;]]></description>
</item>
<item>
    <title>Vue-1开始</title>
    <link>https://oublie6.github.io/posts/%E5%89%8D%E7%AB%AF/vue/1%E5%BC%80%E5%A7%8B/</link>
    <pubDate>Thu, 15 Dec 2022 16:57:59 &#43;0800</pubDate>
    <author>oublie</author>
    <guid>https://oublie6.github.io/posts/%E5%89%8D%E7%AB%AF/vue/1%E5%BC%80%E5%A7%8B/</guid>
    <description><![CDATA[本系列是作者在跟着Vue官网学习时做的笔记，可能并不详尽，读者可以到官网中查看完整内容。本文只讲解带有&lt;script setup&gt;]]></description>
</item>
<item>
    <title>Vue-个人笔记-Ref和reactive</title>
    <link>https://oublie6.github.io/posts/%E5%89%8D%E7%AB%AF/vue/%E4%B8%AA%E4%BA%BA%E7%AC%94%E8%AE%B0/ref%E5%92%8Creactive/</link>
    <pubDate>Thu, 20 Oct 2022 12:32:40 &#43;0800</pubDate>
    <author>oublie</author>
    <guid>https://oublie6.github.io/posts/%E5%89%8D%E7%AB%AF/vue/%E4%B8%AA%E4%BA%BA%E7%AC%94%E8%AE%B0/ref%E5%92%8Creactive/</guid>
    <description><![CDATA[reactive和ref都是用来定义响应式数据的。reactive更推荐去定义复杂的数据类型，ref更推荐定义基本类型。 ref和reacti]]></description>
</item>
<item>
    <title>Vue-Router-进阶-动态路由</title>
    <link>https://oublie6.github.io/posts/%E5%89%8D%E7%AB%AF/vue/vuerouter/%E8%BF%9B%E9%98%B6/%E5%8A%A8%E6%80%81%E8%B7%AF%E7%94%B1/</link>
    <pubDate>Mon, 17 Oct 2022 12:32:57 &#43;0800</pubDate>
    <author>oublie</author>
    <guid>https://oublie6.github.io/posts/%E5%89%8D%E7%AB%AF/vue/vuerouter/%E8%BF%9B%E9%98%B6/%E5%8A%A8%E6%80%81%E8%B7%AF%E7%94%B1/</guid>
    <description><![CDATA[本系列是作者在跟着vue-router官网学习时做的笔记，可能并不详尽，读者可以到官网中查看完整内容。 对路由的添加通常是通过 routes 选项来完成的，]]></description>
</item>
</channel>
</rss>
