<rss xmlns:atom="http://www.w3.org/2005/Atom" version="2.0">
    <channel>
        <title>go标准库 - Tag - Oublie的Hugo博客</title>
        <link>https://oublie6.github.io/tags/go%E6%A0%87%E5%87%86%E5%BA%93/</link>
        <description>go标准库 - Tag - Oublie的Hugo博客</description>
        <generator>Hugo -- gohugo.io</generator><language>zh-CN</language><managingEditor>313166062@qq.com (oublie)</managingEditor>
            <webMaster>313166062@qq.com (oublie)</webMaster><lastBuildDate>Sat, 16 Sep 2023 20:42:39 &#43;0800</lastBuildDate><atom:link href="https://oublie6.github.io/tags/go%E6%A0%87%E5%87%86%E5%BA%93/" rel="self" type="application/rss+xml" /><item>
    <title>go标准库-Text</title>
    <link>https://oublie6.github.io/posts/golang/%E6%A0%87%E5%87%86%E5%BA%93/text/</link>
    <pubDate>Sat, 16 Sep 2023 20:42:39 &#43;0800</pubDate>
    <author>oublie</author>
    <guid>https://oublie6.github.io/posts/golang/%E6%A0%87%E5%87%86%E5%BA%93/text/</guid>
    <description><![CDATA[go语言中文网 godoc go语言中文网有很多文档缺少内容比如string.Builder就没有，godoc绝对详尽，推荐阅读godoc template 通过将模板应]]></description>
</item>
<item>
    <title>go标准库-Unsafe</title>
    <link>https://oublie6.github.io/posts/golang/%E6%A0%87%E5%87%86%E5%BA%93/unsafe/</link>
    <pubDate>Mon, 17 Jul 2023 23:24:00 &#43;0800</pubDate>
    <author>oublie</author>
    <guid>https://oublie6.github.io/posts/golang/%E6%A0%87%E5%87%86%E5%BA%93/unsafe/</guid>
    <description><![CDATA[go语言中文网 godoc go语言中文网有很多文档缺少内容比如string.Builder就没有，godoc绝对详尽，推荐阅读godoc unsafe包]]></description>
</item>
<item>
    <title>go标准库-Sql</title>
    <link>https://oublie6.github.io/posts/golang/%E6%A0%87%E5%87%86%E5%BA%93/sql/</link>
    <pubDate>Sun, 25 Jun 2023 16:37:30 &#43;0800</pubDate>
    <author>oublie</author>
    <guid>https://oublie6.github.io/posts/golang/%E6%A0%87%E5%87%86%E5%BA%93/sql/</guid>
    <description><![CDATA[go语言中文网 godoc go语言中文网有很多文档缺少内容比如string.Builder就没有，godoc绝对详尽，推荐阅读godoc type Rows struct 流式传输]]></description>
</item>
<item>
    <title>go标准库-Flag</title>
    <link>https://oublie6.github.io/posts/golang/%E6%A0%87%E5%87%86%E5%BA%93/flag/</link>
    <pubDate>Wed, 21 Jun 2023 15:38:06 &#43;0800</pubDate>
    <author>oublie</author>
    <guid>https://oublie6.github.io/posts/golang/%E6%A0%87%E5%87%86%E5%BA%93/flag/</guid>
    <description><![CDATA[go语言中文网 godoc go语言中文网有很多文档缺少内容比如string.Builder就没有，godoc绝对详尽，推荐阅读godoc 常见用法 定义f]]></description>
</item>
<item>
    <title>go标准库-Context</title>
    <link>https://oublie6.github.io/posts/golang/%E6%A0%87%E5%87%86%E5%BA%93/context/</link>
    <pubDate>Tue, 09 May 2023 17:30:38 &#43;0800</pubDate>
    <author>oublie</author>
    <guid>https://oublie6.github.io/posts/golang/%E6%A0%87%E5%87%86%E5%BA%93/context/</guid>
    <description><![CDATA[go语言中文网 godoc go语言中文网有很多文档缺少内容比如string.Builder就没有，godoc绝对详尽，推荐阅读godoc 按官方的说法，]]></description>
</item>
<item>
    <title>go标准库-Strconv</title>
    <link>https://oublie6.github.io/posts/golang/%E6%A0%87%E5%87%86%E5%BA%93/strconv/</link>
    <pubDate>Tue, 09 May 2023 14:47:11 &#43;0800</pubDate>
    <author>oublie</author>
    <guid>https://oublie6.github.io/posts/golang/%E6%A0%87%E5%87%86%E5%BA%93/strconv/</guid>
    <description><![CDATA[go语言中文网 godoc go语言中文网有很多文档缺少内容比如string.Builder就没有，godoc绝对详尽，推荐阅读godoc strconv]]></description>
</item>
<item>
    <title>go标准库-Runtime</title>
    <link>https://oublie6.github.io/posts/golang/%E6%A0%87%E5%87%86%E5%BA%93/runtime/</link>
    <pubDate>Wed, 26 Apr 2023 13:59:21 &#43;0800</pubDate>
    <author>oublie</author>
    <guid>https://oublie6.github.io/posts/golang/%E6%A0%87%E5%87%86%E5%BA%93/runtime/</guid>
    <description><![CDATA[go语言中文网 godoc go语言中文网有很多文档缺少内容比如string.Builder就没有，godoc绝对详尽，推荐阅读godoc runtime]]></description>
</item>
<item>
    <title>go标准库-Net</title>
    <link>https://oublie6.github.io/posts/golang/%E6%A0%87%E5%87%86%E5%BA%93/net/</link>
    <pubDate>Tue, 25 Apr 2023 10:27:08 &#43;0800</pubDate>
    <author>oublie</author>
    <guid>https://oublie6.github.io/posts/golang/%E6%A0%87%E5%87%86%E5%BA%93/net/</guid>
    <description><![CDATA[go语言中文网 godoc go语言中文网有很多文档缺少内容比如string.Builder就没有，godoc绝对详尽，推荐阅读godoc 简介 net包提]]></description>
</item>
<item>
    <title>go标准库-Encoding</title>
    <link>https://oublie6.github.io/posts/golang/%E6%A0%87%E5%87%86%E5%BA%93/encoding/</link>
    <pubDate>Tue, 18 Apr 2023 15:15:25 &#43;0800</pubDate>
    <author>oublie</author>
    <guid>https://oublie6.github.io/posts/golang/%E6%A0%87%E5%87%86%E5%BA%93/encoding/</guid>
    <description><![CDATA[go语言中文网 godoc go语言中文网有很多文档缺少内容比如string.Builder就没有，godoc绝对详尽，推荐阅读godoc hex 常用函数 func DecodedLen(x]]></description>
</item>
<item>
    <title>go标准库-Regexp</title>
    <link>https://oublie6.github.io/posts/golang/%E6%A0%87%E5%87%86%E5%BA%93/regexp/</link>
    <pubDate>Fri, 31 Mar 2023 17:58:44 &#43;0800</pubDate>
    <author>oublie</author>
    <guid>https://oublie6.github.io/posts/golang/%E6%A0%87%E5%87%86%E5%BA%93/regexp/</guid>
    <description><![CDATA[go语言中文网 godoc go语言中文网有很多文档缺少内容比如string.Builder就没有，godoc绝对详尽，推荐阅读godoc Syntax 单字符 .:匹]]></description>
</item>
</channel>
</rss>
