<rss xmlns:atom="http://www.w3.org/2005/Atom" version="2.0">
    <channel>
        <title>jwt - Tag - Oublie的Hugo博客</title>
        <link>https://oublie6.github.io/tags/jwt/</link>
        <description>jwt - Tag - Oublie的Hugo博客</description>
        <generator>Hugo -- gohugo.io</generator><language>zh-CN</language><managingEditor>313166062@qq.com (oublie)</managingEditor>
            <webMaster>313166062@qq.com (oublie)</webMaster><lastBuildDate>Sat, 22 Oct 2022 08:46:22 &#43;0800</lastBuildDate><atom:link href="https://oublie6.github.io/tags/jwt/" rel="self" type="application/rss+xml" /><item>
    <title>通用技术-Jwt</title>
    <link>https://oublie6.github.io/posts/%E9%80%9A%E7%94%A8%E6%8A%80%E6%9C%AF/jwt/</link>
    <pubDate>Sat, 22 Oct 2022 08:46:22 &#43;0800</pubDate>
    <author>oublie</author>
    <guid>https://oublie6.github.io/posts/%E9%80%9A%E7%94%A8%E6%8A%80%E6%9C%AF/jwt/</guid>
    <description><![CDATA[本文来源于阮一峰老师的jwt Token教程 JSON Web Token（缩写 JWT）是目前最流行的跨域认证解决方案 跨域认证的问题 互联网服务离不开用户认证。]]></description>
</item>
</channel>
</rss>
