<rss xmlns:atom="http://www.w3.org/2005/Atom" version="2.0">
    <channel>
        <title>Python第三方库 - Tag - Oublie的Hugo博客</title>
        <link>https://oublie6.github.io/tags/python%E7%AC%AC%E4%B8%89%E6%96%B9%E5%BA%93/</link>
        <description>Python第三方库 - Tag - Oublie的Hugo博客</description>
        <generator>Hugo -- gohugo.io</generator><language>zh-CN</language><managingEditor>313166062@qq.com (oublie)</managingEditor>
            <webMaster>313166062@qq.com (oublie)</webMaster><lastBuildDate>Wed, 26 Jul 2023 14:37:06 &#43;0800</lastBuildDate><atom:link href="https://oublie6.github.io/tags/python%E7%AC%AC%E4%B8%89%E6%96%B9%E5%BA%93/" rel="self" type="application/rss+xml" /><item>
    <title>Python-第三方库-Openpyxl</title>
    <link>https://oublie6.github.io/posts/python/%E7%AC%AC%E4%B8%89%E6%96%B9%E5%BA%93/openpyxl/</link>
    <pubDate>Wed, 26 Jul 2023 14:37:06 &#43;0800</pubDate>
    <author>oublie</author>
    <guid>https://oublie6.github.io/posts/python/%E7%AC%AC%E4%B8%89%E6%96%B9%E5%BA%93/openpyxl/</guid>
    <description><![CDATA[PYPI官网 官方文档 教程 创建工作簿 1 2 from openpyxl import Workbook wb = Workbook() 获取默认Worksheet 1 ws = wb.active 创建新的Worksheet 1 Workbook.create_sheet() 修改Worksheet名]]></description>
</item>
<item>
    <title>Python-第三方库-Mysql</title>
    <link>https://oublie6.github.io/posts/python/%E7%AC%AC%E4%B8%89%E6%96%B9%E5%BA%93/mysql/</link>
    <pubDate>Fri, 16 Jun 2023 11:38:11 &#43;0800</pubDate>
    <author>oublie</author>
    <guid>https://oublie6.github.io/posts/python/%E7%AC%AC%E4%B8%89%E6%96%B9%E5%BA%93/mysql/</guid>
    <description><![CDATA[PYPI官网 mysql文档 连接数据库 1 2 3 4 5 6 db = mysql.connector.connect( host=&#34;xxx&#34;, database=&#34;xxx&#34;, user=&#34;xxx&#34;, password=&#34;xxx&#34; ) 执行命令并获取结果 1 2 3 cursor = db.cursor() cursor.execute(&#34;SELECT idc_name, module_id from collector_deploy&#34;) idcModule = cursor.fetchall() mysql数据写入csv文件 [CSDN]]></description>
</item>
<item>
    <title>Python-第三方库-Networkx</title>
    <link>https://oublie6.github.io/posts/python/%E7%AC%AC%E4%B8%89%E6%96%B9%E5%BA%93/networkx/</link>
    <pubDate>Thu, 23 Mar 2023 22:07:31 &#43;0800</pubDate>
    <author>oublie</author>
    <guid>https://oublie6.github.io/posts/python/%E7%AC%AC%E4%B8%89%E6%96%B9%E5%BA%93/networkx/</guid>
    <description><![CDATA[PYPI官网 networkx官网 networkx官网文档 这个包专门用于描述图，topology zoo里面的拓扑都需要这个包来读取下载的gml]]></description>
</item>
<item>
    <title>Python-第三方库-Pandas</title>
    <link>https://oublie6.github.io/posts/python/%E7%AC%AC%E4%B8%89%E6%96%B9%E5%BA%93/pandas/</link>
    <pubDate>Sun, 05 Mar 2023 17:48:46 &#43;0800</pubDate>
    <author>oublie</author>
    <guid>https://oublie6.github.io/posts/python/%E7%AC%AC%E4%B8%89%E6%96%B9%E5%BA%93/pandas/</guid>
    <description><![CDATA[PYPI官网 pandas官网 pandas API文档 pandas 提供快速、灵活和富有表现力的数据结构，旨在使处理“关系”或“标记”数据简单又直观 安装 anaconda 1 conda install pandas pip 1]]></description>
</item>
<item>
    <title>Python-第三方库-Numpy</title>
    <link>https://oublie6.github.io/posts/python/%E7%AC%AC%E4%B8%89%E6%96%B9%E5%BA%93/numpy/</link>
    <pubDate>Sat, 04 Mar 2023 22:48:48 &#43;0800</pubDate>
    <author>oublie</author>
    <guid>https://oublie6.github.io/posts/python/%E7%AC%AC%E4%B8%89%E6%96%B9%E5%BA%93/numpy/</guid>
    <description><![CDATA[PYPI官网 numpy官网 numpy官方教程 numpy官网API文档 本文中的np表示numpy包的别名 NumPy 是 Python 中科学计算的基础包。提供多维数组]]></description>
</item>
<item>
    <title>Python-第三方库-Jupyter</title>
    <link>https://oublie6.github.io/posts/python/%E7%AC%AC%E4%B8%89%E6%96%B9%E5%BA%93/jupyter/</link>
    <pubDate>Tue, 28 Feb 2023 11:05:14 &#43;0800</pubDate>
    <author>oublie</author>
    <guid>https://oublie6.github.io/posts/python/%E7%AC%AC%E4%B8%89%E6%96%B9%E5%BA%93/jupyter/</guid>
    <description><![CDATA[PYPI官网 jupyter官网 安装jupyter jupyter官网下载说明 1 2 3 pip install notebook # 启动jupyter服务 jupyter notebook 常用命令 1 2 3 4 5 6 # 列出]]></description>
</item>
<item>
    <title>Python-第三方库-Scapy</title>
    <link>https://oublie6.github.io/posts/python/%E7%AC%AC%E4%B8%89%E6%96%B9%E5%BA%93/scapy/</link>
    <pubDate>Mon, 20 Feb 2023 15:43:28 &#43;0800</pubDate>
    <author>oublie</author>
    <guid>https://oublie6.github.io/posts/python/%E7%AC%AC%E4%B8%89%E6%96%B9%E5%BA%93/scapy/</guid>
    <description><![CDATA[PYPI官网 scapy官网 scapy官网文档 scapy官网api scapy官方api常用文档，scapy.layers package，sca]]></description>
</item>
<item>
    <title>Python-第三方库-mininet-Openflow教程</title>
    <link>https://oublie6.github.io/posts/python/%E7%AC%AC%E4%B8%89%E6%96%B9%E5%BA%93/mininet/openflow%E6%95%99%E7%A8%8B/</link>
    <pubDate>Fri, 17 Feb 2023 22:29:27 &#43;0800</pubDate>
    <author>oublie</author>
    <guid>https://oublie6.github.io/posts/python/%E7%AC%AC%E4%B8%89%E6%96%B9%E5%BA%93/mininet/openflow%E6%95%99%E7%A8%8B/</guid>
    <description><![CDATA[mininet官网 mininet官网文档 mininet官网api openflow教程 学习开发工具 启动网络 1 sudo mn --topo single,3 --mac --switch ovsk --controller remote ovs-ofctl 示例用法 ovs]]></description>
</item>
<item>
    <title>Python-第三方库-Requests</title>
    <link>https://oublie6.github.io/posts/python/%E7%AC%AC%E4%B8%89%E6%96%B9%E5%BA%93/requests/</link>
    <pubDate>Fri, 10 Feb 2023 10:38:55 &#43;0800</pubDate>
    <author>oublie</author>
    <guid>https://oublie6.github.io/posts/python/%E7%AC%AC%E4%B8%89%E6%96%B9%E5%BA%93/requests/</guid>
    <description><![CDATA[PYPI官网 github官网 官网文档 Requests允许您非常轻松地发送 HTTP/1.1 请求。无需手动将查询字符串添加到您的 URL，或对您的 POST 数据进行表单]]></description>
</item>
<item>
    <title>Python-第三方库-Selenium</title>
    <link>https://oublie6.github.io/posts/python/%E7%AC%AC%E4%B8%89%E6%96%B9%E5%BA%93/selenium/</link>
    <pubDate>Mon, 06 Feb 2023 17:10:19 &#43;0800</pubDate>
    <author>oublie</author>
    <guid>https://oublie6.github.io/posts/python/%E7%AC%AC%E4%B8%89%E6%96%B9%E5%BA%93/selenium/</guid>
    <description><![CDATA[PYPI官网 本文是作者跟着selenium官方文档学习记录的笔记 selenium官网 概述 Selenium 组件 术语： API：应用程序编程接口。 库：包含 API 和实]]></description>
</item>
</channel>
</rss>
