<rss xmlns:atom="http://www.w3.org/2005/Atom" version="2.0">
    <channel>
        <title>linux - Tag - Oublie的Hugo博客</title>
        <link>https://oublie6.github.io/tags/linux/</link>
        <description>linux - Tag - Oublie的Hugo博客</description>
        <generator>Hugo -- gohugo.io</generator><language>zh-CN</language><managingEditor>313166062@qq.com (oublie)</managingEditor>
            <webMaster>313166062@qq.com (oublie)</webMaster><lastBuildDate>Sat, 18 Feb 2023 13:15:22 &#43;0800</lastBuildDate><atom:link href="https://oublie6.github.io/tags/linux/" rel="self" type="application/rss+xml" /><item>
    <title>操作系统-linux-个人笔记</title>
    <link>https://oublie6.github.io/posts/%E6%93%8D%E4%BD%9C%E7%B3%BB%E7%BB%9F/linux/%E4%B8%AA%E4%BA%BA%E7%AC%94%E8%AE%B0/</link>
    <pubDate>Sat, 18 Feb 2023 13:15:22 &#43;0800</pubDate>
    <author>oublie</author>
    <guid>https://oublie6.github.io/posts/%E6%93%8D%E4%BD%9C%E7%B3%BB%E7%BB%9F/linux/%E4%B8%AA%E4%BA%BA%E7%AC%94%E8%AE%B0/</guid>
    <description><![CDATA[ubuntu官方文档 ubuntu 18.04 server官方文档 linux265 文件权限 菜鸟教程 Linux 文件基本属性 12位四列，每列3位 第一列标记文件类型 -：普通文件 d：目录文件 b]]></description>
</item>
<item>
    <title>操作系统-linux-常用命令</title>
    <link>https://oublie6.github.io/posts/%E6%93%8D%E4%BD%9C%E7%B3%BB%E7%BB%9F/linux/%E5%B8%B8%E7%94%A8%E5%91%BD%E4%BB%A4/</link>
    <pubDate>Sun, 29 Jan 2023 10:15:30 &#43;0800</pubDate>
    <author>oublie</author>
    <guid>https://oublie6.github.io/posts/%E6%93%8D%E4%BD%9C%E7%B3%BB%E7%BB%9F/linux/%E5%B8%B8%E7%94%A8%E5%91%BD%E4%BB%A4/</guid>
    <description><![CDATA[ubuntu官方文档 ubuntu 18.04 server官方文档 linux265 菜鸟教程 命令大全 菜鸟教程Linux 常用命令集合 掘金 小图子 玩转Linux操作系统 博客园 单界 通常都]]></description>
</item>
<item>
    <title>操作系统-linux-服务器命令</title>
    <link>https://oublie6.github.io/posts/%E6%93%8D%E4%BD%9C%E7%B3%BB%E7%BB%9F/linux/%E6%9C%8D%E5%8A%A1%E5%99%A8%E5%91%BD%E4%BB%A4/</link>
    <pubDate>Fri, 13 Jan 2023 15:08:19 &#43;0800</pubDate>
    <author>oublie</author>
    <guid>https://oublie6.github.io/posts/%E6%93%8D%E4%BD%9C%E7%B3%BB%E7%BB%9F/linux/%E6%9C%8D%E5%8A%A1%E5%99%A8%E5%91%BD%E4%BB%A4/</guid>
    <description><![CDATA[ubuntu官方文档 ubuntu 18.04 server官方文档 linux265 scp 上传本地aa.log文件到服务器目录home下 1 scp ~/Downloads/aa.log user@192.168.31.68:/home/ 将服务器目录/home/aa.log 文]]></description>
</item>
</channel>
</rss>
