<rss xmlns:atom="http://www.w3.org/2005/Atom" version="2.0">
    <channel>
        <title>分布式系统 - Category - Oublie的Hugo博客</title>
        <link>https://oublie6.github.io/categories/%E5%88%86%E5%B8%83%E5%BC%8F%E7%B3%BB%E7%BB%9F/</link>
        <description>分布式系统 - Category - Oublie的Hugo博客</description>
        <generator>Hugo -- gohugo.io</generator><language>zh-CN</language><managingEditor>313166062@qq.com (oublie)</managingEditor>
            <webMaster>313166062@qq.com (oublie)</webMaster><lastBuildDate>Sun, 23 Jul 2023 11:04:25 &#43;0800</lastBuildDate><atom:link href="https://oublie6.github.io/categories/%E5%88%86%E5%B8%83%E5%BC%8F%E7%B3%BB%E7%BB%9F/" rel="self" type="application/rss+xml" /><item>
    <title>分布式系统-CAP定理和BASE理论</title>
    <link>https://oublie6.github.io/posts/%E5%88%86%E5%B8%83%E5%BC%8F%E7%B3%BB%E7%BB%9F/cap%E5%AE%9A%E7%90%86%E5%92%8Cbase%E7%90%86%E8%AE%BA/</link>
    <pubDate>Sun, 23 Jul 2023 11:04:25 &#43;0800</pubDate>
    <author>oublie</author>
    <guid>https://oublie6.github.io/posts/%E5%88%86%E5%B8%83%E5%BC%8F%E7%B3%BB%E7%BB%9F/cap%E5%AE%9A%E7%90%86%E5%92%8Cbase%E7%90%86%E8%AE%BA/</guid>
    <description><![CDATA[go修养之路 CAP定理 CAP定义 一致性（consistency）、可用性（Availability）、分区容错（partition-tole]]></description>
</item>
<item>
    <title>分布式系统-MIT6.824</title>
    <link>https://oublie6.github.io/posts/%E5%88%86%E5%B8%83%E5%BC%8F%E7%B3%BB%E7%BB%9F/mit6.824/</link>
    <pubDate>Mon, 01 May 2023 13:55:03 &#43;0800</pubDate>
    <author>oublie</author>
    <guid>https://oublie6.github.io/posts/%E5%88%86%E5%B8%83%E5%BC%8F%E7%B3%BB%E7%BB%9F/mit6.824/</guid>
    <description><![CDATA[本文为作者跟随肖宏辉老师学习MIT公开课6.824分布式系统时做的笔记 另外还有电子书 github仓库 1-介绍 驱动力 人们需要获得更高的计算性能]]></description>
</item>
</channel>
</rss>
