<rss xmlns:atom="http://www.w3.org/2005/Atom" version="2.0">
    <channel>
        <title>FATE联邦学习 - Tag - Oublie的Hugo博客</title>
        <link>https://oublie6.github.io/tags/fate%E8%81%94%E9%82%A6%E5%AD%A6%E4%B9%A0/</link>
        <description>FATE联邦学习 - Tag - Oublie的Hugo博客</description>
        <generator>Hugo -- gohugo.io</generator><language>zh-CN</language><managingEditor>313166062@qq.com (oublie)</managingEditor>
            <webMaster>313166062@qq.com (oublie)</webMaster><lastBuildDate>Sun, 26 Feb 2023 10:32:45 &#43;0800</lastBuildDate><atom:link href="https://oublie6.github.io/tags/fate%E8%81%94%E9%82%A6%E5%AD%A6%E4%B9%A0/" rel="self" type="application/rss+xml" /><item>
    <title>机器学习-FATE联邦学习-教程</title>
    <link>https://oublie6.github.io/posts/%E6%9C%BA%E5%99%A8%E5%AD%A6%E4%B9%A0/fate%E8%81%94%E9%82%A6%E5%AD%A6%E4%B9%A0/%E6%95%99%E7%A8%8B/</link>
    <pubDate>Sun, 26 Feb 2023 10:32:45 &#43;0800</pubDate>
    <author>oublie</author>
    <guid>https://oublie6.github.io/posts/%E6%9C%BA%E5%99%A8%E5%AD%A6%E4%B9%A0/fate%E8%81%94%E9%82%A6%E5%AD%A6%E4%B9%A0/%E6%95%99%E7%A8%8B/</guid>
    <description><![CDATA[github FATE官方文档 fate 官网 fate 官网教程 fate 算法开发指南 算法参数 FATE组件官网 pipline官方文档 教程 部署 单机部署 官网安装页面 使用Docker镜]]></description>
</item>
</channel>
</rss>
