<rss xmlns:atom="http://www.w3.org/2005/Atom" version="2.0">
    <channel>
        <title>kafka - Tag - Oublie的Hugo博客</title>
        <link>https://oublie6.github.io/tags/kafka/</link>
        <description>kafka - Tag - Oublie的Hugo博客</description>
        <generator>Hugo -- gohugo.io</generator><language>zh-CN</language><managingEditor>313166062@qq.com (oublie)</managingEditor>
            <webMaster>313166062@qq.com (oublie)</webMaster><lastBuildDate>Fri, 23 Dec 2022 09:10:47 &#43;0800</lastBuildDate><atom:link href="https://oublie6.github.io/tags/kafka/" rel="self" type="application/rss+xml" /><item>
    <title>中间件-Kafka</title>
    <link>https://oublie6.github.io/posts/%E4%B8%AD%E9%97%B4%E4%BB%B6/kafka/</link>
    <pubDate>Fri, 23 Dec 2022 09:10:47 &#43;0800</pubDate>
    <author>oublie</author>
    <guid>https://oublie6.github.io/posts/%E4%B8%AD%E9%97%B4%E4%BB%B6/kafka/</guid>
    <description><![CDATA[官方文档 CSDN luslin1711 CSDN 乾坤鸟 Docker安装Kafka教程（超详细） 简介 Kafka 结合了三个关键功能 发布（写入）和订阅（读取）事件流。 持久可靠地存储事件 流。]]></description>
</item>
</channel>
</rss>
