<rss xmlns:atom="http://www.w3.org/2005/Atom" version="2.0">
    <channel>
        <title>深度学习 - Tag - Oublie的Hugo博客</title>
        <link>https://oublie6.github.io/tags/%E6%B7%B1%E5%BA%A6%E5%AD%A6%E4%B9%A0/</link>
        <description>深度学习 - Tag - Oublie的Hugo博客</description>
        <generator>Hugo -- gohugo.io</generator><language>zh-CN</language><managingEditor>313166062@qq.com (oublie)</managingEditor>
            <webMaster>313166062@qq.com (oublie)</webMaster><lastBuildDate>Thu, 09 Mar 2023 16:22:35 &#43;0800</lastBuildDate><atom:link href="https://oublie6.github.io/tags/%E6%B7%B1%E5%BA%A6%E5%AD%A6%E4%B9%A0/" rel="self" type="application/rss+xml" /><item>
    <title>机器学习-深度学习-Pytorch</title>
    <link>https://oublie6.github.io/posts/%E6%9C%BA%E5%99%A8%E5%AD%A6%E4%B9%A0/%E6%B7%B1%E5%BA%A6%E5%AD%A6%E4%B9%A0/pytorch/</link>
    <pubDate>Thu, 09 Mar 2023 16:22:35 &#43;0800</pubDate>
    <author>oublie</author>
    <guid>https://oublie6.github.io/posts/%E6%9C%BA%E5%99%A8%E5%AD%A6%E4%B9%A0/%E6%B7%B1%E5%BA%A6%E5%AD%A6%E4%B9%A0/pytorch/</guid>
    <description><![CDATA[pytorch官网 pytorch教程 教程 tensors张量 张量是一种特殊的数据结构，与数组和矩阵非常相似 使用张量对模型的输入和输出以及模型的]]></description>
</item>
</channel>
</rss>
