<rss xmlns:atom="http://www.w3.org/2005/Atom" version="2.0">
    <channel>
        <title>计算机网络 - Category - Oublie的Hugo博客</title>
        <link>https://oublie6.github.io/categories/%E8%AE%A1%E7%AE%97%E6%9C%BA%E7%BD%91%E7%BB%9C/</link>
        <description>计算机网络 - Category - Oublie的Hugo博客</description>
        <generator>Hugo -- gohugo.io</generator><language>zh-CN</language><managingEditor>313166062@qq.com (oublie)</managingEditor>
            <webMaster>313166062@qq.com (oublie)</webMaster><lastBuildDate>Sun, 03 Sep 2023 21:45:19 &#43;0800</lastBuildDate><atom:link href="https://oublie6.github.io/categories/%E8%AE%A1%E7%AE%97%E6%9C%BA%E7%BD%91%E7%BB%9C/" rel="self" type="application/rss+xml" /><item>
    <title>个人笔记</title>
    <link>https://oublie6.github.io/posts/%E8%AE%A1%E7%AE%97%E6%9C%BA%E7%BD%91%E7%BB%9C/%E4%B8%AA%E4%BA%BA%E7%AC%94%E8%AE%B0/</link>
    <pubDate>Sun, 03 Sep 2023 21:45:19 &#43;0800</pubDate>
    <author>oublie</author>
    <guid>https://oublie6.github.io/posts/%E8%AE%A1%E7%AE%97%E6%9C%BA%E7%BD%91%E7%BB%9C/%E4%B8%AA%E4%BA%BA%E7%AC%94%E8%AE%B0/</guid>
    <description><![CDATA[DHCP和RARP的区别 CSDN classify233 DHCP是BOOTP协议的升级，而BOOTP在某种意义上又是RARP协议的升级 TCP粘包，UDP不粘包 解决办法 格]]></description>
</item>
<item>
    <title>计算机网络-小林coding-IP篇</title>
    <link>https://oublie6.github.io/posts/%E8%AE%A1%E7%AE%97%E6%9C%BA%E7%BD%91%E7%BB%9C/%E5%B0%8F%E6%9E%97coding/ip%E7%AF%87/</link>
    <pubDate>Sun, 25 Dec 2022 22:26:04 &#43;0800</pubDate>
    <author>oublie</author>
    <guid>https://oublie6.github.io/posts/%E8%AE%A1%E7%AE%97%E6%9C%BA%E7%BD%91%E7%BB%9C/%E5%B0%8F%E6%9E%97coding/ip%E7%AF%87/</guid>
    <description><![CDATA[本系列笔记为作者在跟随小林coding学习的时候做的笔记。感谢小林大大。加上自己的笔记 IP 基础知识全家桶 前菜 —— IP 基本认识 网络层实现主机与主机]]></description>
</item>
<item>
    <title>计算机网络-小林coding-TCP篇</title>
    <link>https://oublie6.github.io/posts/%E8%AE%A1%E7%AE%97%E6%9C%BA%E7%BD%91%E7%BB%9C/%E5%B0%8F%E6%9E%97coding/tcp%E7%AF%87/</link>
    <pubDate>Sun, 25 Dec 2022 18:07:54 &#43;0800</pubDate>
    <author>oublie</author>
    <guid>https://oublie6.github.io/posts/%E8%AE%A1%E7%AE%97%E6%9C%BA%E7%BD%91%E7%BB%9C/%E5%B0%8F%E6%9E%97coding/tcp%E7%AF%87/</guid>
    <description><![CDATA[本系列笔记为作者在跟随小林coding学习的时候做的笔记。感谢小林大大。加上自己的笔记 TCP 三次握手与四次挥手面试题 TCP 基本认识 TCP 头格式 http头]]></description>
</item>
<item>
    <title>计算机网络-小林coding-HTTP篇</title>
    <link>https://oublie6.github.io/posts/%E8%AE%A1%E7%AE%97%E6%9C%BA%E7%BD%91%E7%BB%9C/%E5%B0%8F%E6%9E%97coding/http%E7%AF%87/</link>
    <pubDate>Tue, 13 Dec 2022 21:36:13 &#43;0800</pubDate>
    <author>oublie</author>
    <guid>https://oublie6.github.io/posts/%E8%AE%A1%E7%AE%97%E6%9C%BA%E7%BD%91%E7%BB%9C/%E5%B0%8F%E6%9E%97coding/http%E7%AF%87/</guid>
    <description><![CDATA[本系列笔记为作者在跟随小林coding学习的时候做的笔记。感谢小林大大。加上自己的笔记 HTTP 常见面试题 HTTP 基本概念 HTTP ：超文本传输协议HyperTe]]></description>
</item>
<item>
    <title>计算机网络-小林coding-基础篇</title>
    <link>https://oublie6.github.io/posts/%E8%AE%A1%E7%AE%97%E6%9C%BA%E7%BD%91%E7%BB%9C/%E5%B0%8F%E6%9E%97coding/%E5%9F%BA%E7%A1%80%E7%AF%87/</link>
    <pubDate>Tue, 13 Dec 2022 15:15:04 &#43;0800</pubDate>
    <author>oublie</author>
    <guid>https://oublie6.github.io/posts/%E8%AE%A1%E7%AE%97%E6%9C%BA%E7%BD%91%E7%BB%9C/%E5%B0%8F%E6%9E%97coding/%E5%9F%BA%E7%A1%80%E7%AF%87/</guid>
    <description><![CDATA[本系列笔记为作者在跟随小林coding学习的时候做的笔记。感谢小林大大。加上自己的笔记 TCP/IP 网络模型有哪几层？ TCP/IP 网络分 4 层：应用层，传输层，网络]]></description>
</item>
</channel>
</rss>
