<rss xmlns:atom="http://www.w3.org/2005/Atom" version="2.0">
    <channel>
        <title>通用技术 - Category - Oublie的Hugo博客</title>
        <link>https://oublie6.github.io/categories/%E9%80%9A%E7%94%A8%E6%8A%80%E6%9C%AF/</link>
        <description>通用技术 - Category - Oublie的Hugo博客</description>
        <generator>Hugo -- gohugo.io</generator><language>zh-CN</language><managingEditor>313166062@qq.com (oublie)</managingEditor>
            <webMaster>313166062@qq.com (oublie)</webMaster><lastBuildDate>Sun, 17 Sep 2023 18:04:17 &#43;0800</lastBuildDate><atom:link href="https://oublie6.github.io/categories/%E9%80%9A%E7%94%A8%E6%8A%80%E6%9C%AF/" rel="self" type="application/rss+xml" /><item>
    <title>通用技术-幂等校验</title>
    <link>https://oublie6.github.io/posts/%E9%80%9A%E7%94%A8%E6%8A%80%E6%9C%AF/%E5%B9%82%E7%AD%89%E6%A0%A1%E9%AA%8C/</link>
    <pubDate>Sun, 17 Sep 2023 18:04:17 &#43;0800</pubDate>
    <author>oublie</author>
    <guid>https://oublie6.github.io/posts/%E9%80%9A%E7%94%A8%E6%8A%80%E6%9C%AF/%E5%B9%82%E7%AD%89%E6%A0%A1%E9%AA%8C/</guid>
    <description><![CDATA[python100 CSDN Hi~晴天大圣 唯一索引 – 保证插入的数据只有一条 token机制 – 每次接口请求前先获取一个token，然后在请求的时候在请求的header体]]></description>
</item>
<item>
    <title>通用技术-Bosun</title>
    <link>https://oublie6.github.io/posts/%E9%80%9A%E7%94%A8%E6%8A%80%E6%9C%AF/bosun/</link>
    <pubDate>Sat, 16 Sep 2023 22:00:02 &#43;0800</pubDate>
    <author>oublie</author>
    <guid>https://oublie6.github.io/posts/%E9%80%9A%E7%94%A8%E6%8A%80%E6%9C%AF/bosun/</guid>
    <description><![CDATA[bosun官网]]></description>
</item>
<item>
    <title>通用技术-CAS与乐观锁（自旋锁）</title>
    <link>https://oublie6.github.io/posts/%E9%80%9A%E7%94%A8%E6%8A%80%E6%9C%AF/cas%E4%B8%8E%E4%B9%90%E8%A7%82%E9%94%81/</link>
    <pubDate>Fri, 25 Aug 2023 20:40:16 &#43;0800</pubDate>
    <author>oublie</author>
    <guid>https://oublie6.github.io/posts/%E9%80%9A%E7%94%A8%E6%8A%80%E6%9C%AF/cas%E4%B8%8E%E4%B9%90%E8%A7%82%E9%94%81/</guid>
    <description><![CDATA[博客园 X-knight [数据库锁机制] 深入理解乐观锁、悲观锁以及CAS乐观锁的实现机制原理分析 CAS概念 CAS（Compare and Swap）是乐观锁的一种实]]></description>
</item>
<item>
    <title>通用技术-PlatUML</title>
    <link>https://oublie6.github.io/posts/%E9%80%9A%E7%94%A8%E6%8A%80%E6%9C%AF/platuml/</link>
    <pubDate>Wed, 09 Aug 2023 12:12:22 &#43;0800</pubDate>
    <author>oublie</author>
    <guid>https://oublie6.github.io/posts/%E9%80%9A%E7%94%A8%E6%8A%80%E6%9C%AF/platuml/</guid>
    <description><![CDATA[官网教程 简介 PlantUML 是一个开源项目，支持快速绘制uml图 时序图 传递消息 A -&gt; B :xxx A &ndash;&gt; B :xxx 重要标志 @startuml，@enduml:标记图的起始和中]]></description>
</item>
<item>
    <title>通用技术-压测工具</title>
    <link>https://oublie6.github.io/posts/%E9%80%9A%E7%94%A8%E6%8A%80%E6%9C%AF/%E5%8E%8B%E6%B5%8B%E5%B7%A5%E5%85%B7/</link>
    <pubDate>Mon, 24 Jul 2023 14:48:54 &#43;0800</pubDate>
    <author>oublie</author>
    <guid>https://oublie6.github.io/posts/%E9%80%9A%E7%94%A8%E6%8A%80%E6%9C%AF/%E5%8E%8B%E6%B5%8B%E5%B7%A5%E5%85%B7/</guid>
    <description><![CDATA[hye github 官网 hey 是一个向 Web 应用程序发送一些负载的小程序 1 Usage: hey [options...] &lt;url&gt; 常见选项 -n：请求数，默认200 -c：客户端worker数，默认50 -q：每个客户]]></description>
</item>
<item>
    <title>通用技术-Rest</title>
    <link>https://oublie6.github.io/posts/%E9%80%9A%E7%94%A8%E6%8A%80%E6%9C%AF/rest/</link>
    <pubDate>Thu, 11 May 2023 17:12:57 &#43;0800</pubDate>
    <author>oublie</author>
    <guid>https://oublie6.github.io/posts/%E9%80%9A%E7%94%A8%E6%8A%80%E6%9C%AF/rest/</guid>
    <description><![CDATA[apifoxblog 快跑啊小卢_ 一杯茶的时间，搞懂 RESTful API 概念 API：Application Programming Interface (应用程序接口) REST：Representational State Transfer (表]]></description>
</item>
<item>
    <title>通用技术-正则表达式</title>
    <link>https://oublie6.github.io/posts/%E9%80%9A%E7%94%A8%E6%8A%80%E6%9C%AF/%E6%AD%A3%E5%88%99%E8%A1%A8%E8%BE%BE%E5%BC%8F/</link>
    <pubDate>Tue, 14 Feb 2023 11:53:10 &#43;0800</pubDate>
    <author>oublie</author>
    <guid>https://oublie6.github.io/posts/%E9%80%9A%E7%94%A8%E6%8A%80%E6%9C%AF/%E6%AD%A3%E5%88%99%E8%A1%A8%E8%BE%BE%E5%BC%8F/</guid>
    <description><![CDATA[RegexOne 使用正则表达式时首先要认识到的是，一切本质上都是一个字符，我们正在编写模式来匹配特定的字符序列（也称为字符串）。 普通字母和数字 直接匹配 \d 任]]></description>
</item>
<item>
    <title>通用技术-Protobuf</title>
    <link>https://oublie6.github.io/posts/%E9%80%9A%E7%94%A8%E6%8A%80%E6%9C%AF/protobuf/</link>
    <pubDate>Mon, 06 Feb 2023 12:15:39 &#43;0800</pubDate>
    <author>oublie</author>
    <guid>https://oublie6.github.io/posts/%E9%80%9A%E7%94%A8%E6%8A%80%E6%9C%AF/protobuf/</guid>
    <description><![CDATA[protobuf 官网 概述 Protocol Buffers 是一种独立于语言、独立于平台的可扩展机制，用于序列化结构化数据。 编程指南 语言指南（proto 3） 定义消息类型 1 2 3 4 5 6 7 8 /]]></description>
</item>
<item>
    <title>通用技术-跨域问题</title>
    <link>https://oublie6.github.io/posts/%E9%80%9A%E7%94%A8%E6%8A%80%E6%9C%AF/%E8%B7%A8%E5%9F%9F%E9%97%AE%E9%A2%98/</link>
    <pubDate>Wed, 25 Jan 2023 20:57:03 &#43;0800</pubDate>
    <author>oublie</author>
    <guid>https://oublie6.github.io/posts/%E9%80%9A%E7%94%A8%E6%8A%80%E6%9C%AF/%E8%B7%A8%E5%9F%9F%E9%97%AE%E9%A2%98/</guid>
    <description><![CDATA[同源策略 MDN 浏览器的同源策略 当一个请求url的协议,域名,端口三者之间任意一个与当前的url不同都即为跨域 跨域的安全限制，主要是针对浏览器端来]]></description>
</item>
<item>
    <title>通用技术-限流算法</title>
    <link>https://oublie6.github.io/posts/%E9%80%9A%E7%94%A8%E6%8A%80%E6%9C%AF/%E9%99%90%E6%B5%81%E7%AE%97%E6%B3%95/</link>
    <pubDate>Wed, 04 Jan 2023 17:17:50 &#43;0800</pubDate>
    <author>oublie</author>
    <guid>https://oublie6.github.io/posts/%E9%80%9A%E7%94%A8%E6%8A%80%E6%9C%AF/%E9%99%90%E6%B5%81%E7%AE%97%E6%B3%95/</guid>
    <description><![CDATA[CSDN billgates_wanbin 计数限流 保存一个计数器，处理了一个请求，计数器加一，一个请求处理完毕之后计数器减一 每次请求来的时候看看计数器的值，如果超过阈值就拒绝 固定]]></description>
</item>
</channel>
</rss>
