<rss xmlns:atom="http://www.w3.org/2005/Atom" version="2.0">
    <channel>
        <title>docker - Tag - Oublie的Hugo博客</title>
        <link>https://oublie6.github.io/tags/docker/</link>
        <description>docker - Tag - Oublie的Hugo博客</description>
        <generator>Hugo -- gohugo.io</generator><language>zh-CN</language><managingEditor>313166062@qq.com (oublie)</managingEditor>
            <webMaster>313166062@qq.com (oublie)</webMaster><lastBuildDate>Sat, 07 Jan 2023 16:17:00 &#43;0800</lastBuildDate><atom:link href="https://oublie6.github.io/tags/docker/" rel="self" type="application/rss+xml" /><item>
    <title>云原生-docker-个人笔记</title>
    <link>https://oublie6.github.io/posts/%E4%BA%91%E5%8E%9F%E7%94%9F/docker/%E4%B8%AA%E4%BA%BA%E7%AC%94%E8%AE%B0/</link>
    <pubDate>Sat, 07 Jan 2023 16:17:00 &#43;0800</pubDate>
    <author>oublie</author>
    <guid>https://oublie6.github.io/posts/%E4%BA%91%E5%8E%9F%E7%94%9F/docker/%E4%B8%AA%E4%BA%BA%E7%AC%94%E8%AE%B0/</guid>
    <description><![CDATA[docker 官网 docker 官方文档 docker 参考文档 dockerfile 参考 镜像重命名 镜像不能重命名，只能复制一份镜像重新命名。 1 docker tag oldimagename:xxx newimagename:yyy 然后删除原来的镜像 1 2 3 4 5 6 docker image rm oldimagename //或者]]></description>
</item>
<item>
    <title>云原生-docker-概述</title>
    <link>https://oublie6.github.io/posts/%E4%BA%91%E5%8E%9F%E7%94%9F/docker/%E6%A6%82%E8%BF%B0/</link>
    <pubDate>Sun, 25 Dec 2022 14:55:07 &#43;0800</pubDate>
    <author>oublie</author>
    <guid>https://oublie6.github.io/posts/%E4%BA%91%E5%8E%9F%E7%94%9F/docker/%E6%A6%82%E8%BF%B0/</guid>
    <description><![CDATA[docker 官网 docker 官方文档 docker 参考文档 dockerfile 参考 docker docker 命令官方文档 Dockerfile dockerfile 参考 Dockerfile 不等同于 Shell 脚本，不要使用cd命令使用WORKDIR关键字切换img内命令执行环境 格]]></description>
</item>
<item>
    <title>云原生-docker-golang开发</title>
    <link>https://oublie6.github.io/posts/%E4%BA%91%E5%8E%9F%E7%94%9F/docker/golang%E5%BC%80%E5%8F%91/</link>
    <pubDate>Tue, 08 Nov 2022 16:05:50 &#43;0800</pubDate>
    <author>oublie</author>
    <guid>https://oublie6.github.io/posts/%E4%BA%91%E5%8E%9F%E7%94%9F/docker/golang%E5%BC%80%E5%8F%91/</guid>
    <description><![CDATA[docker 官网 docker 官方文档 docker 参考文档 dockerfile 参考 本文是作者在跟着docker官网go开发学习时做的笔记，可能不够详尽，有需要的同学请自己去官网查看 构建你的 Go]]></description>
</item>
</channel>
</rss>
