<rss xmlns:atom="http://www.w3.org/2005/Atom" version="2.0">
    <channel>
        <title>Oublie的Hugo博客</title>
        <link>https://oublie6.github.io/</link>
        <description>Oublie的Hugo博客,hugo,golang,mysql,微服务</description>
        <generator>Hugo -- gohugo.io</generator><language>zh-CN</language><managingEditor>313166062@qq.com (oublie)</managingEditor>
            <webMaster>313166062@qq.com (oublie)</webMaster><lastBuildDate>Sun, 17 Sep 2023 18:04:17 &#43;0800</lastBuildDate>
            <atom:link href="https://oublie6.github.io/index.xml" rel="self" type="application/rss+xml" />
        <item>
    <title>通用技术-幂等校验</title>
    <link>https://oublie6.github.io/posts/%E9%80%9A%E7%94%A8%E6%8A%80%E6%9C%AF/%E5%B9%82%E7%AD%89%E6%A0%A1%E9%AA%8C/</link>
    <pubDate>Sun, 17 Sep 2023 18:04:17 &#43;0800</pubDate>
    <author>oublie</author>
    <guid>https://oublie6.github.io/posts/%E9%80%9A%E7%94%A8%E6%8A%80%E6%9C%AF/%E5%B9%82%E7%AD%89%E6%A0%A1%E9%AA%8C/</guid>
    <description><![CDATA[python100 CSDN Hi~晴天大圣 唯一索引 – 保证插入的数据只有一条 token机制 – 每次接口请求前先获取一个token，然后在请求的时候在请求的header体]]></description>
</item>
<item>
    <title>通用技术-Bosun</title>
    <link>https://oublie6.github.io/posts/%E9%80%9A%E7%94%A8%E6%8A%80%E6%9C%AF/bosun/</link>
    <pubDate>Sat, 16 Sep 2023 22:00:02 &#43;0800</pubDate>
    <author>oublie</author>
    <guid>https://oublie6.github.io/posts/%E9%80%9A%E7%94%A8%E6%8A%80%E6%9C%AF/bosun/</guid>
    <description><![CDATA[bosun官网]]></description>
</item>
<item>
    <title>go标准库-Text</title>
    <link>https://oublie6.github.io/posts/golang/%E6%A0%87%E5%87%86%E5%BA%93/text/</link>
    <pubDate>Sat, 16 Sep 2023 20:42:39 &#43;0800</pubDate>
    <author>oublie</author>
    <guid>https://oublie6.github.io/posts/golang/%E6%A0%87%E5%87%86%E5%BA%93/text/</guid>
    <description><![CDATA[go语言中文网 godoc go语言中文网有很多文档缺少内容比如string.Builder就没有，godoc绝对详尽，推荐阅读godoc template 通过将模板应]]></description>
</item>
<item>
    <title>个人笔记</title>
    <link>https://oublie6.github.io/posts/%E8%AE%A1%E7%AE%97%E6%9C%BA%E7%BD%91%E7%BB%9C/%E4%B8%AA%E4%BA%BA%E7%AC%94%E8%AE%B0/</link>
    <pubDate>Sun, 03 Sep 2023 21:45:19 &#43;0800</pubDate>
    <author>oublie</author>
    <guid>https://oublie6.github.io/posts/%E8%AE%A1%E7%AE%97%E6%9C%BA%E7%BD%91%E7%BB%9C/%E4%B8%AA%E4%BA%BA%E7%AC%94%E8%AE%B0/</guid>
    <description><![CDATA[DHCP和RARP的区别 CSDN classify233 DHCP是BOOTP协议的升级，而BOOTP在某种意义上又是RARP协议的升级 TCP粘包，UDP不粘包 解决办法 格]]></description>
</item>
<item>
    <title>通用技术-CAS与乐观锁（自旋锁）</title>
    <link>https://oublie6.github.io/posts/%E9%80%9A%E7%94%A8%E6%8A%80%E6%9C%AF/cas%E4%B8%8E%E4%B9%90%E8%A7%82%E9%94%81/</link>
    <pubDate>Fri, 25 Aug 2023 20:40:16 &#43;0800</pubDate>
    <author>oublie</author>
    <guid>https://oublie6.github.io/posts/%E9%80%9A%E7%94%A8%E6%8A%80%E6%9C%AF/cas%E4%B8%8E%E4%B9%90%E8%A7%82%E9%94%81/</guid>
    <description><![CDATA[博客园 X-knight [数据库锁机制] 深入理解乐观锁、悲观锁以及CAS乐观锁的实现机制原理分析 CAS概念 CAS（Compare and Swap）是乐观锁的一种实]]></description>
</item>
<item>
    <title>通用技术-PlatUML</title>
    <link>https://oublie6.github.io/posts/%E9%80%9A%E7%94%A8%E6%8A%80%E6%9C%AF/platuml/</link>
    <pubDate>Wed, 09 Aug 2023 12:12:22 &#43;0800</pubDate>
    <author>oublie</author>
    <guid>https://oublie6.github.io/posts/%E9%80%9A%E7%94%A8%E6%8A%80%E6%9C%AF/platuml/</guid>
    <description><![CDATA[官网教程 简介 PlantUML 是一个开源项目，支持快速绘制uml图 时序图 传递消息 A -&gt; B :xxx A &ndash;&gt; B :xxx 重要标志 @startuml，@enduml:标记图的起始和中]]></description>
</item>
<item>
    <title>go第三方库-Github.com.mitchellh.copystructure</title>
    <link>https://oublie6.github.io/posts/golang/%E7%AC%AC%E4%B8%89%E6%96%B9%E5%BA%93/github.com.mitchellh.copystructure/</link>
    <pubDate>Tue, 08 Aug 2023 21:41:25 &#43;0800</pubDate>
    <author>oublie</author>
    <guid>https://oublie6.github.io/posts/golang/%E7%AC%AC%E4%B8%89%E6%96%B9%E5%BA%93/github.com.mitchellh.copystructure/</guid>
    <description><![CDATA[godoc github官网 用法 1 2 3 4 5 6 7 8 9 10 11 12 input := map[string]interface{}{ &#34;bob&#34;: map[string]interface{}{ &#34;emails&#34;: []string{&#34;a&#34;, &#34;b&#34;}, }, } dup, err := Copy(input) if err != nil { panic(err) } fmt.Printf(&#34;%#v&#34;, dup)]]></description>
</item>
<item>
    <title>Python-第三方库-Openpyxl</title>
    <link>https://oublie6.github.io/posts/python/%E7%AC%AC%E4%B8%89%E6%96%B9%E5%BA%93/openpyxl/</link>
    <pubDate>Wed, 26 Jul 2023 14:37:06 &#43;0800</pubDate>
    <author>oublie</author>
    <guid>https://oublie6.github.io/posts/python/%E7%AC%AC%E4%B8%89%E6%96%B9%E5%BA%93/openpyxl/</guid>
    <description><![CDATA[PYPI官网 官方文档 教程 创建工作簿 1 2 from openpyxl import Workbook wb = Workbook() 获取默认Worksheet 1 ws = wb.active 创建新的Worksheet 1 Workbook.create_sheet() 修改Worksheet名]]></description>
</item>
<item>
    <title>go第三方库-Github.com.xuri.excelize</title>
    <link>https://oublie6.github.io/posts/golang/%E7%AC%AC%E4%B8%89%E6%96%B9%E5%BA%93/github.com.xuri.excelize/</link>
    <pubDate>Mon, 24 Jul 2023 22:50:31 &#43;0800</pubDate>
    <author>oublie</author>
    <guid>https://oublie6.github.io/posts/golang/%E7%AC%AC%E4%B8%89%E6%96%B9%E5%BA%93/github.com.xuri.excelize/</guid>
    <description><![CDATA[godoc github 官网 官方文档 Excelize 的目标是创建并维护一个 Go 语言版本的 Excel 文档 API，以处理符合基于 Office Open XML（OOXML）标准的电子表格文档，借助 Excelize 您可以使用]]></description>
</item>
<item>
    <title>go第三方库-Github.com.robfig.cron</title>
    <link>https://oublie6.github.io/posts/golang/%E7%AC%AC%E4%B8%89%E6%96%B9%E5%BA%93/github.com.robfig.cron/</link>
    <pubDate>Mon, 24 Jul 2023 15:29:05 &#43;0800</pubDate>
    <author>oublie</author>
    <guid>https://oublie6.github.io/posts/golang/%E7%AC%AC%E4%B8%89%E6%96%B9%E5%BA%93/github.com.robfig.cron/</guid>
    <description><![CDATA[godoc github官网 godoc 文档 Overview 用法 调用者可以注册要按给定时间表调用的 Func。Cron 将在它们自己的 goroutine 中运行它们。 1 2 3 4 5 6 7 8 9 10 11 12 13 14 15]]></description>
</item>
</channel>
</rss>
