<rss xmlns:atom="http://www.w3.org/2005/Atom" version="2.0">
    <channel>
        <title>redis - Tag - Oublie的Hugo博客</title>
        <link>https://oublie6.github.io/tags/redis/</link>
        <description>redis - Tag - Oublie的Hugo博客</description>
        <generator>Hugo -- gohugo.io</generator><language>zh-CN</language><managingEditor>313166062@qq.com (oublie)</managingEditor>
            <webMaster>313166062@qq.com (oublie)</webMaster><lastBuildDate>Thu, 02 Mar 2023 23:19:37 &#43;0800</lastBuildDate><atom:link href="https://oublie6.github.io/tags/redis/" rel="self" type="application/rss+xml" /><item>
    <title>数据库-redis-个人笔记</title>
    <link>https://oublie6.github.io/posts/%E6%95%B0%E6%8D%AE%E5%BA%93/redis/%E4%B8%AA%E4%BA%BA%E7%AC%94%E8%AE%B0/</link>
    <pubDate>Thu, 02 Mar 2023 23:19:37 &#43;0800</pubDate>
    <author>oublie</author>
    <guid>https://oublie6.github.io/posts/%E6%95%B0%E6%8D%AE%E5%BA%93/redis/%E4%B8%AA%E4%BA%BA%E7%AC%94%E8%AE%B0/</guid>
    <description><![CDATA[redis 官网 redis 文档 redis 命令参考 坑 CSDN isHuPei redis配置文件 位置为/etc/redis/redis.conf redis默认不使用配置文件 你需要使用redi]]></description>
</item>
<item>
    <title>数据库-redis-小林coding-缓存篇</title>
    <link>https://oublie6.github.io/posts/%E6%95%B0%E6%8D%AE%E5%BA%93/redis/%E5%B0%8F%E6%9E%97coding/%E7%BC%93%E5%AD%98%E7%AF%87/</link>
    <pubDate>Fri, 23 Dec 2022 19:32:10 &#43;0800</pubDate>
    <author>oublie</author>
    <guid>https://oublie6.github.io/posts/%E6%95%B0%E6%8D%AE%E5%BA%93/redis/%E5%B0%8F%E6%9E%97coding/%E7%BC%93%E5%AD%98%E7%AF%87/</guid>
    <description><![CDATA[本系列笔记为作者在跟随小林coding学习的时候做的笔记。感谢小林大大。 缓存雪崩、击穿、穿透 缓存雪崩 本质：大量请求来到数据库 原因：大量缓存数]]></description>
</item>
<item>
    <title>数据库-redis-小林coding-高可用篇</title>
    <link>https://oublie6.github.io/posts/%E6%95%B0%E6%8D%AE%E5%BA%93/redis/%E5%B0%8F%E6%9E%97coding/%E9%AB%98%E5%8F%AF%E7%94%A8%E7%AF%87/</link>
    <pubDate>Fri, 23 Dec 2022 18:48:34 &#43;0800</pubDate>
    <author>oublie</author>
    <guid>https://oublie6.github.io/posts/%E6%95%B0%E6%8D%AE%E5%BA%93/redis/%E5%B0%8F%E6%9E%97coding/%E9%AB%98%E5%8F%AF%E7%94%A8%E7%AF%87/</guid>
    <description><![CDATA[本系列笔记为作者在跟随小林coding学习的时候做的笔记。感谢小林大大。 主从复制是怎么实现 全量复制、基于长连接的命令传播、增量复制 第一次同步]]></description>
</item>
<item>
    <title>数据库-redis-小林coding-功能篇</title>
    <link>https://oublie6.github.io/posts/%E6%95%B0%E6%8D%AE%E5%BA%93/redis/%E5%B0%8F%E6%9E%97coding/%E5%8A%9F%E8%83%BD%E7%AF%87/</link>
    <pubDate>Fri, 23 Dec 2022 16:29:05 &#43;0800</pubDate>
    <author>oublie</author>
    <guid>https://oublie6.github.io/posts/%E6%95%B0%E6%8D%AE%E5%BA%93/redis/%E5%B0%8F%E6%9E%97coding/%E5%8A%9F%E8%83%BD%E7%AF%87/</guid>
    <description><![CDATA[本系列笔记为作者在跟随小林coding学习的时候做的笔记。感谢小林大大。 过期删除策略 设置 key 过期时间的命令: expire &lt;key&gt; &lt;n&gt;:key 在 n 秒后过期 pexpire &lt;key&gt; &lt;n&gt;:key 在 n 毫秒后]]></description>
</item>
<item>
    <title>数据库-redis-小林coding-持久化篇</title>
    <link>https://oublie6.github.io/posts/%E6%95%B0%E6%8D%AE%E5%BA%93/redis/%E5%B0%8F%E6%9E%97coding/%E6%8C%81%E4%B9%85%E5%8C%96%E7%AF%87/</link>
    <pubDate>Fri, 23 Dec 2022 12:16:57 &#43;0800</pubDate>
    <author>oublie</author>
    <guid>https://oublie6.github.io/posts/%E6%95%B0%E6%8D%AE%E5%BA%93/redis/%E5%B0%8F%E6%9E%97coding/%E6%8C%81%E4%B9%85%E5%8C%96%E7%AF%87/</guid>
    <description><![CDATA[本系列笔记为作者在跟随小林coding学习的时候做的笔记。感谢小林大大。 AOF 持久化 AOF(Append Only File)：写命令执行完后将命令存储到硬盘中的日志文件 AOF]]></description>
</item>
<item>
    <title>数据库-redis-小林coding-数据类型篇</title>
    <link>https://oublie6.github.io/posts/%E6%95%B0%E6%8D%AE%E5%BA%93/redis/%E5%B0%8F%E6%9E%97coding/%E6%95%B0%E6%8D%AE%E7%B1%BB%E5%9E%8B%E7%AF%87/</link>
    <pubDate>Thu, 22 Dec 2022 11:35:49 &#43;0800</pubDate>
    <author>oublie</author>
    <guid>https://oublie6.github.io/posts/%E6%95%B0%E6%8D%AE%E5%BA%93/redis/%E5%B0%8F%E6%9E%97coding/%E6%95%B0%E6%8D%AE%E7%B1%BB%E5%9E%8B%E7%AF%87/</guid>
    <description><![CDATA[本系列笔记为作者在跟随小林coding学习的时候做的笔记。感谢小林大大。 redis 命令参考 逻辑数据类型 String int 或 SDS实现 编码方式和ptr指向的数据结构]]></description>
</item>
<item>
    <title>数据库-redis-小林coding-面试篇</title>
    <link>https://oublie6.github.io/posts/%E6%95%B0%E6%8D%AE%E5%BA%93/redis/%E5%B0%8F%E6%9E%97coding/%E9%9D%A2%E8%AF%95%E7%AF%87/</link>
    <pubDate>Thu, 22 Dec 2022 11:12:34 &#43;0800</pubDate>
    <author>oublie</author>
    <guid>https://oublie6.github.io/posts/%E6%95%B0%E6%8D%AE%E5%BA%93/redis/%E5%B0%8F%E6%9E%97coding/%E9%9D%A2%E8%AF%95%E7%AF%87/</guid>
    <description><![CDATA[本系列笔记为作者在跟随小林coding学习的时候做的笔记。感谢小林大大。 Redis 是一种基于内存的数据库，读写速度非常快，常用于缓存，消息队列、分布]]></description>
</item>
</channel>
</rss>
