<rss xmlns:atom="http://www.w3.org/2005/Atom" version="2.0">
    <channel>
        <title>mysql - Tag - Oublie的Hugo博客</title>
        <link>https://oublie6.github.io/tags/mysql/</link>
        <description>mysql - Tag - Oublie的Hugo博客</description>
        <generator>Hugo -- gohugo.io</generator><language>zh-CN</language><managingEditor>313166062@qq.com (oublie)</managingEditor>
            <webMaster>313166062@qq.com (oublie)</webMaster><lastBuildDate>Fri, 05 May 2023 22:55:15 &#43;0800</lastBuildDate><atom:link href="https://oublie6.github.io/tags/mysql/" rel="self" type="application/rss+xml" /><item>
    <title>数据库-mysql-个人笔记</title>
    <link>https://oublie6.github.io/posts/%E6%95%B0%E6%8D%AE%E5%BA%93/mysql/%E4%B8%AA%E4%BA%BA%E7%AC%94%E8%AE%B0/</link>
    <pubDate>Fri, 05 May 2023 22:55:15 &#43;0800</pubDate>
    <author>oublie</author>
    <guid>https://oublie6.github.io/posts/%E6%95%B0%E6%8D%AE%E5%BA%93/mysql/%E4%B8%AA%E4%BA%BA%E7%AC%94%E8%AE%B0/</guid>
    <description><![CDATA[mysql用什么进行错误分析与定位 在 MySQL 中，常用的错误分析和定位工具包括： 错误日志（error log）：MySQL 会将错误信息记录在错误日志中]]></description>
</item>
<item>
    <title>数据库-mysql-小林coding-日志篇</title>
    <link>https://oublie6.github.io/posts/%E6%95%B0%E6%8D%AE%E5%BA%93/mysql/%E5%B0%8F%E6%9E%97coding/%E6%97%A5%E5%BF%97%E7%AF%87/</link>
    <pubDate>Thu, 22 Dec 2022 10:20:33 &#43;0800</pubDate>
    <author>oublie</author>
    <guid>https://oublie6.github.io/posts/%E6%95%B0%E6%8D%AE%E5%BA%93/mysql/%E5%B0%8F%E6%9E%97coding/%E6%97%A5%E5%BF%97%E7%AF%87/</guid>
    <description><![CDATA[本系列笔记为作者在跟随小林coding学习的时候做的笔记。感谢小林大大。 undo log（回滚日志）：Innodb 存储引擎层生成的日志，原子性，用于]]></description>
</item>
<item>
    <title>数据库-mysql-小林coding-锁篇</title>
    <link>https://oublie6.github.io/posts/%E6%95%B0%E6%8D%AE%E5%BA%93/mysql/%E5%B0%8F%E6%9E%97coding/%E9%94%81%E7%AF%87/</link>
    <pubDate>Wed, 07 Dec 2022 15:27:54 &#43;0800</pubDate>
    <author>oublie</author>
    <guid>https://oublie6.github.io/posts/%E6%95%B0%E6%8D%AE%E5%BA%93/mysql/%E5%B0%8F%E6%9E%97coding/%E9%94%81%E7%AF%87/</guid>
    <description><![CDATA[本系列笔记为作者在跟随小林coding学习的时候做的笔记。感谢小林大大。 MySQL 有哪些锁 全局锁 开启全局锁 1 flush tables with read lock 整个数据库就处于只读状态了 释放]]></description>
</item>
<item>
    <title>数据库-mysql-小林coding-事务篇</title>
    <link>https://oublie6.github.io/posts/%E6%95%B0%E6%8D%AE%E5%BA%93/mysql/%E5%B0%8F%E6%9E%97coding/%E4%BA%8B%E5%8A%A1%E7%AF%87/</link>
    <pubDate>Wed, 07 Dec 2022 15:02:05 &#43;0800</pubDate>
    <author>oublie</author>
    <guid>https://oublie6.github.io/posts/%E6%95%B0%E6%8D%AE%E5%BA%93/mysql/%E5%B0%8F%E6%9E%97coding/%E4%BA%8B%E5%8A%A1%E7%AF%87/</guid>
    <description><![CDATA[本系列笔记为作者在跟随小林coding学习的时候做的笔记。感谢小林大大。 事务隔离级别是怎么实现的 事务有哪些特性 ACID 原子性（Atomicity）]]></description>
</item>
<item>
    <title>数据库-mysql-小林coding-索引篇</title>
    <link>https://oublie6.github.io/posts/%E6%95%B0%E6%8D%AE%E5%BA%93/mysql/%E5%B0%8F%E6%9E%97coding/%E7%B4%A2%E5%BC%95%E7%AF%87/</link>
    <pubDate>Wed, 07 Dec 2022 13:57:20 &#43;0800</pubDate>
    <author>oublie</author>
    <guid>https://oublie6.github.io/posts/%E6%95%B0%E6%8D%AE%E5%BA%93/mysql/%E5%B0%8F%E6%9E%97coding/%E7%B4%A2%E5%BC%95%E7%AF%87/</guid>
    <description><![CDATA[本系列笔记为作者在跟随小林coding学习的时候做的笔记。感谢小林大大。 索引常见面试题 什么是索引 索引是数据的目录，位于存储引擎中 索引的分类 按]]></description>
</item>
<item>
    <title>数据库-mysql-小林coding-基础篇</title>
    <link>https://oublie6.github.io/posts/%E6%95%B0%E6%8D%AE%E5%BA%93/mysql/%E5%B0%8F%E6%9E%97coding/%E5%9F%BA%E7%A1%80%E7%AF%87/</link>
    <pubDate>Wed, 07 Dec 2022 12:21:06 &#43;0800</pubDate>
    <author>oublie</author>
    <guid>https://oublie6.github.io/posts/%E6%95%B0%E6%8D%AE%E5%BA%93/mysql/%E5%B0%8F%E6%9E%97coding/%E5%9F%BA%E7%A1%80%E7%AF%87/</guid>
    <description><![CDATA[本系列笔记为作者在跟随小林coding学习的时候做的笔记。感谢小林大大。 MySQL 执行流程 分为server层和存储引擎层 Server 层负责建立连接、分析和执行]]></description>
</item>
</channel>
</rss>
