<rss xmlns:atom="http://www.w3.org/2005/Atom" version="2.0">
    <channel>
        <title>Vue教程 - Tag - Oublie的Hugo博客</title>
        <link>https://oublie6.github.io/tags/vue%E6%95%99%E7%A8%8B/</link>
        <description>Vue教程 - Tag - Oublie的Hugo博客</description>
        <generator>Hugo -- gohugo.io</generator><language>zh-CN</language><managingEditor>313166062@qq.com (oublie)</managingEditor>
            <webMaster>313166062@qq.com (oublie)</webMaster><lastBuildDate>Fri, 16 Dec 2022 23:50:21 &#43;0800</lastBuildDate><atom:link href="https://oublie6.github.io/tags/vue%E6%95%99%E7%A8%8B/" rel="self" type="application/rss+xml" /><item>
    <title>Vue-4逻辑复用</title>
    <link>https://oublie6.github.io/posts/%E5%89%8D%E7%AB%AF/vue/4%E9%80%BB%E8%BE%91%E5%A4%8D%E7%94%A8/</link>
    <pubDate>Fri, 16 Dec 2022 23:50:21 &#43;0800</pubDate>
    <author>oublie</author>
    <guid>https://oublie6.github.io/posts/%E5%89%8D%E7%AB%AF/vue/4%E9%80%BB%E8%BE%91%E5%A4%8D%E7%94%A8/</guid>
    <description><![CDATA[本系列是作者在跟着Vue官网学习时做的笔记，可能并不详尽，读者可以到官网中查看完整内容。本文只讲解带有&lt;script setup&gt;]]></description>
</item>
<item>
    <title>Vue-3深入组件</title>
    <link>https://oublie6.github.io/posts/%E5%89%8D%E7%AB%AF/vue/3%E6%B7%B1%E5%85%A5%E7%BB%84%E4%BB%B6/</link>
    <pubDate>Fri, 16 Dec 2022 16:14:45 &#43;0800</pubDate>
    <author>oublie</author>
    <guid>https://oublie6.github.io/posts/%E5%89%8D%E7%AB%AF/vue/3%E6%B7%B1%E5%85%A5%E7%BB%84%E4%BB%B6/</guid>
    <description><![CDATA[本系列是作者在跟着Vue官网学习时做的笔记，可能并不详尽，读者可以到官网中查看完整内容。本文只讲解带有&lt;script setup&gt;]]></description>
</item>
<item>
    <title>Vue-2基础</title>
    <link>https://oublie6.github.io/posts/%E5%89%8D%E7%AB%AF/vue/2%E5%9F%BA%E7%A1%80/</link>
    <pubDate>Thu, 15 Dec 2022 17:18:24 &#43;0800</pubDate>
    <author>oublie</author>
    <guid>https://oublie6.github.io/posts/%E5%89%8D%E7%AB%AF/vue/2%E5%9F%BA%E7%A1%80/</guid>
    <description><![CDATA[本系列是作者在跟着Vue官网学习时做的笔记，可能并不详尽，读者可以到官网中查看完整内容。本文只讲解带有&lt;script setup&gt;]]></description>
</item>
<item>
    <title>Vue-1开始</title>
    <link>https://oublie6.github.io/posts/%E5%89%8D%E7%AB%AF/vue/1%E5%BC%80%E5%A7%8B/</link>
    <pubDate>Thu, 15 Dec 2022 16:57:59 &#43;0800</pubDate>
    <author>oublie</author>
    <guid>https://oublie6.github.io/posts/%E5%89%8D%E7%AB%AF/vue/1%E5%BC%80%E5%A7%8B/</guid>
    <description><![CDATA[本系列是作者在跟着Vue官网学习时做的笔记，可能并不详尽，读者可以到官网中查看完整内容。本文只讲解带有&lt;script setup&gt;]]></description>
</item>
<item>
    <title>Vue-Router-进阶-动态路由</title>
    <link>https://oublie6.github.io/posts/%E5%89%8D%E7%AB%AF/vue/vuerouter/%E8%BF%9B%E9%98%B6/%E5%8A%A8%E6%80%81%E8%B7%AF%E7%94%B1/</link>
    <pubDate>Mon, 17 Oct 2022 12:32:57 &#43;0800</pubDate>
    <author>oublie</author>
    <guid>https://oublie6.github.io/posts/%E5%89%8D%E7%AB%AF/vue/vuerouter/%E8%BF%9B%E9%98%B6/%E5%8A%A8%E6%80%81%E8%B7%AF%E7%94%B1/</guid>
    <description><![CDATA[本系列是作者在跟着vue-router官网学习时做的笔记，可能并不详尽，读者可以到官网中查看完整内容。 对路由的添加通常是通过 routes 选项来完成的，]]></description>
</item>
<item>
    <title>Vue-Router-进阶-导航故障</title>
    <link>https://oublie6.github.io/posts/%E5%89%8D%E7%AB%AF/vue/vuerouter/%E8%BF%9B%E9%98%B6/%E5%AF%BC%E8%88%AA%E6%95%85%E9%9A%9C/</link>
    <pubDate>Mon, 17 Oct 2022 12:30:24 &#43;0800</pubDate>
    <author>oublie</author>
    <guid>https://oublie6.github.io/posts/%E5%89%8D%E7%AB%AF/vue/vuerouter/%E8%BF%9B%E9%98%B6/%E5%AF%BC%E8%88%AA%E6%95%85%E9%9A%9C/</guid>
    <description><![CDATA[本系列是作者在跟着vue-router官网学习时做的笔记，可能并不详尽，读者可以到官网中查看完整内容。 当使用 router-link 组件时，Vue Router 会自动调用 router.push 来]]></description>
</item>
<item>
    <title>Vue-Router-进阶-扩展RouterLink</title>
    <link>https://oublie6.github.io/posts/%E5%89%8D%E7%AB%AF/vue/vuerouter/%E8%BF%9B%E9%98%B6/%E6%89%A9%E5%B1%95routerlink/</link>
    <pubDate>Mon, 17 Oct 2022 12:28:05 &#43;0800</pubDate>
    <author>oublie</author>
    <guid>https://oublie6.github.io/posts/%E5%89%8D%E7%AB%AF/vue/vuerouter/%E8%BF%9B%E9%98%B6/%E6%89%A9%E5%B1%95routerlink/</guid>
    <description><![CDATA[本系列是作者在跟着vue-router官网学习时做的笔记，可能并不详尽，读者可以到官网中查看完整内容。 RouterLink 组件提供了足够的 props 来满足大多数基本应]]></description>
</item>
<item>
    <title>Vue-Router-进阶-路由懒加载</title>
    <link>https://oublie6.github.io/posts/%E5%89%8D%E7%AB%AF/vue/vuerouter/%E8%BF%9B%E9%98%B6/%E8%B7%AF%E7%94%B1%E6%87%92%E5%8A%A0%E8%BD%BD/</link>
    <pubDate>Mon, 17 Oct 2022 12:26:27 &#43;0800</pubDate>
    <author>oublie</author>
    <guid>https://oublie6.github.io/posts/%E5%89%8D%E7%AB%AF/vue/vuerouter/%E8%BF%9B%E9%98%B6/%E8%B7%AF%E7%94%B1%E6%87%92%E5%8A%A0%E8%BD%BD/</guid>
    <description><![CDATA[本系列是作者在跟着vue-router官网学习时做的笔记，可能并不详尽，读者可以到官网中查看完整内容。 当打包构建应用时，JavaScript]]></description>
</item>
<item>
    <title>Vue-Router-进阶-滚动行为</title>
    <link>https://oublie6.github.io/posts/%E5%89%8D%E7%AB%AF/vue/vuerouter/%E8%BF%9B%E9%98%B6/%E6%BB%9A%E5%8A%A8%E8%A1%8C%E4%B8%BA/</link>
    <pubDate>Mon, 17 Oct 2022 12:24:47 &#43;0800</pubDate>
    <author>oublie</author>
    <guid>https://oublie6.github.io/posts/%E5%89%8D%E7%AB%AF/vue/vuerouter/%E8%BF%9B%E9%98%B6/%E6%BB%9A%E5%8A%A8%E8%A1%8C%E4%B8%BA/</guid>
    <description><![CDATA[本系列是作者在跟着vue-router官网学习时做的笔记，可能并不详尽，读者可以到官网中查看完整内容。 使用前端路由，当切换到新路由时，想要页]]></description>
</item>
<item>
    <title>Vue-Router-进阶-过渡动效</title>
    <link>https://oublie6.github.io/posts/%E5%89%8D%E7%AB%AF/vue/vuerouter/%E8%BF%9B%E9%98%B6/%E8%BF%87%E6%B8%A1%E5%8A%A8%E6%95%88/</link>
    <pubDate>Mon, 17 Oct 2022 12:23:41 &#43;0800</pubDate>
    <author>oublie</author>
    <guid>https://oublie6.github.io/posts/%E5%89%8D%E7%AB%AF/vue/vuerouter/%E8%BF%9B%E9%98%B6/%E8%BF%87%E6%B8%A1%E5%8A%A8%E6%95%88/</guid>
    <description><![CDATA[本系列是作者在跟着vue-router官网学习时做的笔记，可能并不详尽，读者可以到官网中查看完整内容。]]></description>
</item>
</channel>
</rss>
