<rss xmlns:atom="http://www.w3.org/2005/Atom" version="2.0">
    <channel>
        <title>Python - Category - Oublie的Hugo博客</title>
        <link>https://oublie6.github.io/categories/python/</link>
        <description>Python - Category - Oublie的Hugo博客</description>
        <generator>Hugo -- gohugo.io</generator><language>zh-CN</language><managingEditor>313166062@qq.com (oublie)</managingEditor>
            <webMaster>313166062@qq.com (oublie)</webMaster><lastBuildDate>Wed, 26 Jul 2023 14:37:06 &#43;0800</lastBuildDate><atom:link href="https://oublie6.github.io/categories/python/" rel="self" type="application/rss+xml" /><item>
    <title>Python-第三方库-Openpyxl</title>
    <link>https://oublie6.github.io/posts/python/%E7%AC%AC%E4%B8%89%E6%96%B9%E5%BA%93/openpyxl/</link>
    <pubDate>Wed, 26 Jul 2023 14:37:06 &#43;0800</pubDate>
    <author>oublie</author>
    <guid>https://oublie6.github.io/posts/python/%E7%AC%AC%E4%B8%89%E6%96%B9%E5%BA%93/openpyxl/</guid>
    <description><![CDATA[PYPI官网 官方文档 教程 创建工作簿 1 2 from openpyxl import Workbook wb = Workbook() 获取默认Worksheet 1 ws = wb.active 创建新的Worksheet 1 Workbook.create_sheet() 修改Worksheet名]]></description>
</item>
<item>
    <title>Python-标准库-Datetime</title>
    <link>https://oublie6.github.io/posts/python/%E6%A0%87%E5%87%86%E5%BA%93/datetime/</link>
    <pubDate>Wed, 19 Jul 2023 19:10:10 &#43;0800</pubDate>
    <author>oublie</author>
    <guid>https://oublie6.github.io/posts/python/%E6%A0%87%E5%87%86%E5%BA%93/datetime/</guid>
    <description><![CDATA[python官网标准库参考 python官网标准库详细文档索引 python官网语言参考文档 datetime 官网参考 datetime 模块提供用于处理日期和时间的类。 在支持日]]></description>
</item>
<item>
    <title>Python-标准库-Json</title>
    <link>https://oublie6.github.io/posts/python/%E6%A0%87%E5%87%86%E5%BA%93/json/</link>
    <pubDate>Tue, 20 Jun 2023 11:00:11 &#43;0800</pubDate>
    <author>oublie</author>
    <guid>https://oublie6.github.io/posts/python/%E6%A0%87%E5%87%86%E5%BA%93/json/</guid>
    <description><![CDATA[python官网标准库参考 python官网标准库详细文档索引 python官网语言参考文档 字符串 将对象转换为json字符串 json.dumps(obj, *, skipkeys=False, ensure_ascii=True, check_circular=True, allow_nan=True, cls=None, indent=None, separators=None, default=None,]]></description>
</item>
<item>
    <title>Python-第三方库-Mysql</title>
    <link>https://oublie6.github.io/posts/python/%E7%AC%AC%E4%B8%89%E6%96%B9%E5%BA%93/mysql/</link>
    <pubDate>Fri, 16 Jun 2023 11:38:11 &#43;0800</pubDate>
    <author>oublie</author>
    <guid>https://oublie6.github.io/posts/python/%E7%AC%AC%E4%B8%89%E6%96%B9%E5%BA%93/mysql/</guid>
    <description><![CDATA[PYPI官网 mysql文档 连接数据库 1 2 3 4 5 6 db = mysql.connector.connect( host=&#34;xxx&#34;, database=&#34;xxx&#34;, user=&#34;xxx&#34;, password=&#34;xxx&#34; ) 执行命令并获取结果 1 2 3 cursor = db.cursor() cursor.execute(&#34;SELECT idc_name, module_id from collector_deploy&#34;) idcModule = cursor.fetchall() mysql数据写入csv文件 [CSDN]]></description>
</item>
<item>
    <title>Python-标准库-Collections</title>
    <link>https://oublie6.github.io/posts/python/%E6%A0%87%E5%87%86%E5%BA%93/collections/</link>
    <pubDate>Sun, 09 Apr 2023 15:22:46 &#43;0800</pubDate>
    <author>oublie</author>
    <guid>https://oublie6.github.io/posts/python/%E6%A0%87%E5%87%86%E5%BA%93/collections/</guid>
    <description><![CDATA[python官网标准库参考 python官网标准库详细文档索引 python官网语言参考文档 python官网标准库参考collections 这个]]></description>
</item>
<item>
    <title>Python-标准库-Pickle</title>
    <link>https://oublie6.github.io/posts/python/%E6%A0%87%E5%87%86%E5%BA%93/pickle/</link>
    <pubDate>Sun, 09 Apr 2023 14:54:01 &#43;0800</pubDate>
    <author>oublie</author>
    <guid>https://oublie6.github.io/posts/python/%E6%A0%87%E5%87%86%E5%BA%93/pickle/</guid>
    <description><![CDATA[python官网标准库参考 python官网标准库详细文档索引 python官网语言参考文档 该库用于对象持久化到文件 函数 pickle.dump(obj, file, protocol=None, *, fix_imports=True, buffer_]]></description>
</item>
<item>
    <title>Python-标准库-Ipaddress</title>
    <link>https://oublie6.github.io/posts/python/%E6%A0%87%E5%87%86%E5%BA%93/ipaddress/</link>
    <pubDate>Mon, 03 Apr 2023 18:32:01 &#43;0800</pubDate>
    <author>oublie</author>
    <guid>https://oublie6.github.io/posts/python/%E6%A0%87%E5%87%86%E5%BA%93/ipaddress/</guid>
    <description><![CDATA[python官网标准库参考 python官网标准库详细文档索引 python官网语言参考文档 ipaddress python官方文档 IP主机地址 1 ip=ipaddress.ip_address(&#39;192.0.2.1&#39;) 也可以直接从整]]></description>
</item>
<item>
    <title>Python-标准库-Multiprocessing</title>
    <link>https://oublie6.github.io/posts/python/%E6%A0%87%E5%87%86%E5%BA%93/multiprocessing/</link>
    <pubDate>Tue, 28 Mar 2023 13:56:18 &#43;0800</pubDate>
    <author>oublie</author>
    <guid>https://oublie6.github.io/posts/python/%E6%A0%87%E5%87%86%E5%BA%93/multiprocessing/</guid>
    <description><![CDATA[python官网标准库参考 python官网标准库详细文档索引 python官网语言参考文档 multiprocessing文档 multiproc]]></description>
</item>
<item>
    <title>Python-第三方库-Networkx</title>
    <link>https://oublie6.github.io/posts/python/%E7%AC%AC%E4%B8%89%E6%96%B9%E5%BA%93/networkx/</link>
    <pubDate>Thu, 23 Mar 2023 22:07:31 &#43;0800</pubDate>
    <author>oublie</author>
    <guid>https://oublie6.github.io/posts/python/%E7%AC%AC%E4%B8%89%E6%96%B9%E5%BA%93/networkx/</guid>
    <description><![CDATA[PYPI官网 networkx官网 networkx官网文档 这个包专门用于描述图，topology zoo里面的拓扑都需要这个包来读取下载的gml]]></description>
</item>
<item>
    <title>Python-第三方库-Pandas</title>
    <link>https://oublie6.github.io/posts/python/%E7%AC%AC%E4%B8%89%E6%96%B9%E5%BA%93/pandas/</link>
    <pubDate>Sun, 05 Mar 2023 17:48:46 &#43;0800</pubDate>
    <author>oublie</author>
    <guid>https://oublie6.github.io/posts/python/%E7%AC%AC%E4%B8%89%E6%96%B9%E5%BA%93/pandas/</guid>
    <description><![CDATA[PYPI官网 pandas官网 pandas API文档 pandas 提供快速、灵活和富有表现力的数据结构，旨在使处理“关系”或“标记”数据简单又直观 安装 anaconda 1 conda install pandas pip 1]]></description>
</item>
</channel>
</rss>
