<rss xmlns:atom="http://www.w3.org/2005/Atom" version="2.0">
    <channel>
        <title>golang杂记 - Tag - Oublie的Hugo博客</title>
        <link>https://oublie6.github.io/tags/golang%E6%9D%82%E8%AE%B0/</link>
        <description>golang杂记 - Tag - Oublie的Hugo博客</description>
        <generator>Hugo -- gohugo.io</generator><language>zh-CN</language><managingEditor>313166062@qq.com (oublie)</managingEditor>
            <webMaster>313166062@qq.com (oublie)</webMaster><lastBuildDate>Sat, 11 Mar 2023 09:50:34 &#43;0800</lastBuildDate><atom:link href="https://oublie6.github.io/tags/golang%E6%9D%82%E8%AE%B0/" rel="self" type="application/rss+xml" /><item>
    <title>golang-杂记</title>
    <link>https://oublie6.github.io/posts/golang/%E6%9D%82%E8%AE%B0/</link>
    <pubDate>Sat, 11 Mar 2023 09:50:34 &#43;0800</pubDate>
    <author>oublie</author>
    <guid>https://oublie6.github.io/posts/golang/%E6%9D%82%E8%AE%B0/</guid>
    <description><![CDATA[面向对象理解interface golang修养之路 理解interface interface 是方法声明的集合 任何类型的对象实现了在interface 接口中声明]]></description>
</item>
</channel>
</rss>
