<rss xmlns:atom="http://www.w3.org/2005/Atom" version="2.0">
    <channel>
        <title>Python标准库 - Tag - Oublie的Hugo博客</title>
        <link>https://oublie6.github.io/tags/python%E6%A0%87%E5%87%86%E5%BA%93/</link>
        <description>Python标准库 - Tag - Oublie的Hugo博客</description>
        <generator>Hugo -- gohugo.io</generator><language>zh-CN</language><managingEditor>313166062@qq.com (oublie)</managingEditor>
            <webMaster>313166062@qq.com (oublie)</webMaster><lastBuildDate>Wed, 19 Jul 2023 19:10:10 &#43;0800</lastBuildDate><atom:link href="https://oublie6.github.io/tags/python%E6%A0%87%E5%87%86%E5%BA%93/" rel="self" type="application/rss+xml" /><item>
    <title>Python-标准库-Datetime</title>
    <link>https://oublie6.github.io/posts/python/%E6%A0%87%E5%87%86%E5%BA%93/datetime/</link>
    <pubDate>Wed, 19 Jul 2023 19:10:10 &#43;0800</pubDate>
    <author>oublie</author>
    <guid>https://oublie6.github.io/posts/python/%E6%A0%87%E5%87%86%E5%BA%93/datetime/</guid>
    <description><![CDATA[python官网标准库参考 python官网标准库详细文档索引 python官网语言参考文档 datetime 官网参考 datetime 模块提供用于处理日期和时间的类。 在支持日]]></description>
</item>
<item>
    <title>Python-标准库-Json</title>
    <link>https://oublie6.github.io/posts/python/%E6%A0%87%E5%87%86%E5%BA%93/json/</link>
    <pubDate>Tue, 20 Jun 2023 11:00:11 &#43;0800</pubDate>
    <author>oublie</author>
    <guid>https://oublie6.github.io/posts/python/%E6%A0%87%E5%87%86%E5%BA%93/json/</guid>
    <description><![CDATA[python官网标准库参考 python官网标准库详细文档索引 python官网语言参考文档 字符串 将对象转换为json字符串 json.dumps(obj, *, skipkeys=False, ensure_ascii=True, check_circular=True, allow_nan=True, cls=None, indent=None, separators=None, default=None,]]></description>
</item>
<item>
    <title>Python-标准库-Collections</title>
    <link>https://oublie6.github.io/posts/python/%E6%A0%87%E5%87%86%E5%BA%93/collections/</link>
    <pubDate>Sun, 09 Apr 2023 15:22:46 &#43;0800</pubDate>
    <author>oublie</author>
    <guid>https://oublie6.github.io/posts/python/%E6%A0%87%E5%87%86%E5%BA%93/collections/</guid>
    <description><![CDATA[python官网标准库参考 python官网标准库详细文档索引 python官网语言参考文档 python官网标准库参考collections 这个]]></description>
</item>
<item>
    <title>Python-标准库-Pickle</title>
    <link>https://oublie6.github.io/posts/python/%E6%A0%87%E5%87%86%E5%BA%93/pickle/</link>
    <pubDate>Sun, 09 Apr 2023 14:54:01 &#43;0800</pubDate>
    <author>oublie</author>
    <guid>https://oublie6.github.io/posts/python/%E6%A0%87%E5%87%86%E5%BA%93/pickle/</guid>
    <description><![CDATA[python官网标准库参考 python官网标准库详细文档索引 python官网语言参考文档 该库用于对象持久化到文件 函数 pickle.dump(obj, file, protocol=None, *, fix_imports=True, buffer_]]></description>
</item>
<item>
    <title>Python-标准库-Ipaddress</title>
    <link>https://oublie6.github.io/posts/python/%E6%A0%87%E5%87%86%E5%BA%93/ipaddress/</link>
    <pubDate>Mon, 03 Apr 2023 18:32:01 &#43;0800</pubDate>
    <author>oublie</author>
    <guid>https://oublie6.github.io/posts/python/%E6%A0%87%E5%87%86%E5%BA%93/ipaddress/</guid>
    <description><![CDATA[python官网标准库参考 python官网标准库详细文档索引 python官网语言参考文档 ipaddress python官方文档 IP主机地址 1 ip=ipaddress.ip_address(&#39;192.0.2.1&#39;) 也可以直接从整]]></description>
</item>
<item>
    <title>Python-标准库-Multiprocessing</title>
    <link>https://oublie6.github.io/posts/python/%E6%A0%87%E5%87%86%E5%BA%93/multiprocessing/</link>
    <pubDate>Tue, 28 Mar 2023 13:56:18 &#43;0800</pubDate>
    <author>oublie</author>
    <guid>https://oublie6.github.io/posts/python/%E6%A0%87%E5%87%86%E5%BA%93/multiprocessing/</guid>
    <description><![CDATA[python官网标准库参考 python官网标准库详细文档索引 python官网语言参考文档 multiprocessing文档 multiproc]]></description>
</item>
<item>
    <title>Python-标准库-Socket</title>
    <link>https://oublie6.github.io/posts/python/%E6%A0%87%E5%87%86%E5%BA%93/socket/</link>
    <pubDate>Fri, 24 Feb 2023 16:59:14 &#43;0800</pubDate>
    <author>oublie</author>
    <guid>https://oublie6.github.io/posts/python/%E6%A0%87%E5%87%86%E5%BA%93/socket/</guid>
    <description><![CDATA[python官网标准库参考 python官网标准库详细文档索引 python官网语言参考文档 这个模块提供了访问 BSD 套接字 的接口 常用函数 socket]]></description>
</item>
<item>
    <title>Python-标准库-Os</title>
    <link>https://oublie6.github.io/posts/python/%E6%A0%87%E5%87%86%E5%BA%93/os/</link>
    <pubDate>Fri, 24 Feb 2023 10:49:45 &#43;0800</pubDate>
    <author>oublie</author>
    <guid>https://oublie6.github.io/posts/python/%E6%A0%87%E5%87%86%E5%BA%93/os/</guid>
    <description><![CDATA[python官网标准库参考 python官网标准库详细文档索引 python官网语言参考文档 常用函数 os.popen(cmd, mode=&lsquo;r&rsquo;, buffering=-1):新建一个|管]]></description>
</item>
<item>
    <title>Python-标准库-http.server</title>
    <link>https://oublie6.github.io/posts/python/%E6%A0%87%E5%87%86%E5%BA%93/http.server/</link>
    <pubDate>Thu, 16 Feb 2023 20:18:58 &#43;0800</pubDate>
    <author>oublie</author>
    <guid>https://oublie6.github.io/posts/python/%E6%A0%87%E5%87%86%E5%BA%93/http.server/</guid>
    <description><![CDATA[python官网标准库参考 python官网标准库详细文档索引 python官网语言参考文档 该库用于快速构建一个静态服务器，如果在静态服务器根目]]></description>
</item>
<item>
    <title>Python-标准库-Subprocess</title>
    <link>https://oublie6.github.io/posts/python/%E6%A0%87%E5%87%86%E5%BA%93/subprocess/</link>
    <pubDate>Sat, 11 Feb 2023 17:53:32 &#43;0800</pubDate>
    <author>oublie</author>
    <guid>https://oublie6.github.io/posts/python/%E6%A0%87%E5%87%86%E5%BA%93/subprocess/</guid>
    <description><![CDATA[python官网标准库参考 python官网标准库详细文档索引 python官网语言参考文档 python官网subprocess subprocess 模块允许你生成]]></description>
</item>
</channel>
</rss>
