<rss xmlns:atom="http://www.w3.org/2005/Atom" version="2.0">
    <channel>
        <title>go学习笔记 - Tag - Oublie的Hugo博客</title>
        <link>https://oublie6.github.io/tags/go%E5%AD%A6%E4%B9%A0%E7%AC%94%E8%AE%B0/</link>
        <description>go学习笔记 - Tag - Oublie的Hugo博客</description>
        <generator>Hugo -- gohugo.io</generator><language>zh-CN</language><managingEditor>313166062@qq.com (oublie)</managingEditor>
            <webMaster>313166062@qq.com (oublie)</webMaster><lastBuildDate>Sat, 11 Mar 2023 09:50:34 &#43;0800</lastBuildDate><atom:link href="https://oublie6.github.io/tags/go%E5%AD%A6%E4%B9%A0%E7%AC%94%E8%AE%B0/" rel="self" type="application/rss+xml" /><item>
    <title>golang-杂记</title>
    <link>https://oublie6.github.io/posts/golang/%E6%9D%82%E8%AE%B0/</link>
    <pubDate>Sat, 11 Mar 2023 09:50:34 &#43;0800</pubDate>
    <author>oublie</author>
    <guid>https://oublie6.github.io/posts/golang/%E6%9D%82%E8%AE%B0/</guid>
    <description><![CDATA[面向对象理解interface golang修养之路 理解interface interface 是方法声明的集合 任何类型的对象实现了在interface 接口中声明]]></description>
</item>
<item>
    <title>golang-学习笔记-Go版本管理</title>
    <link>https://oublie6.github.io/posts/golang/%E5%AD%A6%E4%B9%A0%E7%AC%94%E8%AE%B0/go%E7%89%88%E6%9C%AC%E7%AE%A1%E7%90%86/</link>
    <pubDate>Tue, 14 Feb 2023 14:25:53 &#43;0800</pubDate>
    <author>oublie</author>
    <guid>https://oublie6.github.io/posts/golang/%E5%AD%A6%E4%B9%A0%E7%AC%94%E8%AE%B0/go%E7%89%88%E6%9C%AC%E7%AE%A1%E7%90%86/</guid>
    <description><![CDATA[go官方文档 go语言参考 在写过很多go代码之后，感觉自己并没有完全掌握go语言，还有很多知识盲区，所以有了这个go学习笔记系列，本系列是作者]]></description>
</item>
<item>
    <title>golang-学习笔记-Goroutines和Channels</title>
    <link>https://oublie6.github.io/posts/golang/%E5%AD%A6%E4%B9%A0%E7%AC%94%E8%AE%B0/goroutines%E5%92%8Cchannels/</link>
    <pubDate>Mon, 12 Dec 2022 15:34:53 &#43;0800</pubDate>
    <author>oublie</author>
    <guid>https://oublie6.github.io/posts/golang/%E5%AD%A6%E4%B9%A0%E7%AC%94%E8%AE%B0/goroutines%E5%92%8Cchannels/</guid>
    <description><![CDATA[go官方文档 go语言参考 在写过很多go代码之后，感觉自己并没有完全掌握go语言，还有很多知识盲区，所以有了这个go学习笔记系列，本系列是作者]]></description>
</item>
<item>
    <title>golang-学习笔记-错误处理与测试</title>
    <link>https://oublie6.github.io/posts/golang/%E5%AD%A6%E4%B9%A0%E7%AC%94%E8%AE%B0/%E9%94%99%E8%AF%AF%E5%A4%84%E7%90%86%E4%B8%8E%E6%B5%8B%E8%AF%95/</link>
    <pubDate>Sun, 11 Dec 2022 19:40:21 &#43;0800</pubDate>
    <author>oublie</author>
    <guid>https://oublie6.github.io/posts/golang/%E5%AD%A6%E4%B9%A0%E7%AC%94%E8%AE%B0/%E9%94%99%E8%AF%AF%E5%A4%84%E7%90%86%E4%B8%8E%E6%B5%8B%E8%AF%95/</guid>
    <description><![CDATA[go官方文档 go语言参考 在写过很多go代码之后，感觉自己并没有完全掌握go语言，还有很多知识盲区，所以有了这个go学习笔记系列，本系列是作者]]></description>
</item>
<item>
    <title>golang-学习笔记-读写数据</title>
    <link>https://oublie6.github.io/posts/golang/%E5%AD%A6%E4%B9%A0%E7%AC%94%E8%AE%B0/%E8%AF%BB%E5%86%99%E6%95%B0%E6%8D%AE/</link>
    <pubDate>Sun, 11 Dec 2022 18:27:08 &#43;0800</pubDate>
    <author>oublie</author>
    <guid>https://oublie6.github.io/posts/golang/%E5%AD%A6%E4%B9%A0%E7%AC%94%E8%AE%B0/%E8%AF%BB%E5%86%99%E6%95%B0%E6%8D%AE/</guid>
    <description><![CDATA[go官方文档 go语言参考 在写过很多go代码之后，感觉自己并没有完全掌握go语言，还有很多知识盲区，所以有了这个go学习笔记系列，本系列是作者]]></description>
</item>
<item>
    <title>golang-学习笔记-接口（Interfaces）与反射（reflection）</title>
    <link>https://oublie6.github.io/posts/golang/%E5%AD%A6%E4%B9%A0%E7%AC%94%E8%AE%B0/%E6%8E%A5%E5%8F%A3interfaces%E4%B8%8E%E5%8F%8D%E5%B0%84reflection/</link>
    <pubDate>Sun, 11 Dec 2022 17:33:21 &#43;0800</pubDate>
    <author>oublie</author>
    <guid>https://oublie6.github.io/posts/golang/%E5%AD%A6%E4%B9%A0%E7%AC%94%E8%AE%B0/%E6%8E%A5%E5%8F%A3interfaces%E4%B8%8E%E5%8F%8D%E5%B0%84reflection/</guid>
    <description><![CDATA[go官方文档 go语言参考 在写过很多go代码之后，感觉自己并没有完全掌握go语言，还有很多知识盲区，所以有了这个go学习笔记系列，本系列是作者]]></description>
</item>
<item>
    <title>golang-学习笔记-结构（struct）与方法（method）</title>
    <link>https://oublie6.github.io/posts/golang/%E5%AD%A6%E4%B9%A0%E7%AC%94%E8%AE%B0/%E7%BB%93%E6%9E%84struct%E4%B8%8E%E6%96%B9%E6%B3%95method/</link>
    <pubDate>Sun, 11 Dec 2022 16:29:04 &#43;0800</pubDate>
    <author>oublie</author>
    <guid>https://oublie6.github.io/posts/golang/%E5%AD%A6%E4%B9%A0%E7%AC%94%E8%AE%B0/%E7%BB%93%E6%9E%84struct%E4%B8%8E%E6%96%B9%E6%B3%95method/</guid>
    <description><![CDATA[go官方文档 go语言参考 在写过很多go代码之后，感觉自己并没有完全掌握go语言，还有很多知识盲区，所以有了这个go学习笔记系列，本系列是作者]]></description>
</item>
<item>
    <title>golang-学习笔记-包</title>
    <link>https://oublie6.github.io/posts/golang/%E5%AD%A6%E4%B9%A0%E7%AC%94%E8%AE%B0/%E5%8C%85/</link>
    <pubDate>Sun, 11 Dec 2022 16:11:56 &#43;0800</pubDate>
    <author>oublie</author>
    <guid>https://oublie6.github.io/posts/golang/%E5%AD%A6%E4%B9%A0%E7%AC%94%E8%AE%B0/%E5%8C%85/</guid>
    <description><![CDATA[go官方文档 go语言参考 在写过很多go代码之后，感觉自己并没有完全掌握go语言，还有很多知识盲区，所以有了这个go学习笔记系列，本系列是作者]]></description>
</item>
<item>
    <title>golang-学习笔记-Map</title>
    <link>https://oublie6.github.io/posts/golang/%E5%AD%A6%E4%B9%A0%E7%AC%94%E8%AE%B0/map/</link>
    <pubDate>Sun, 11 Dec 2022 15:47:21 &#43;0800</pubDate>
    <author>oublie</author>
    <guid>https://oublie6.github.io/posts/golang/%E5%AD%A6%E4%B9%A0%E7%AC%94%E8%AE%B0/map/</guid>
    <description><![CDATA[在写过很多go代码之后，感觉自己并没有完全掌握go语言，还有很多知识盲区，所以有了这个go学习笔记系列，本系列是作者跟着电子书重新复习go语]]></description>
</item>
<item>
    <title>golang-学习笔记-数组与切片</title>
    <link>https://oublie6.github.io/posts/golang/%E5%AD%A6%E4%B9%A0%E7%AC%94%E8%AE%B0/%E6%95%B0%E7%BB%84%E4%B8%8E%E5%88%87%E7%89%87/</link>
    <pubDate>Sun, 11 Dec 2022 14:48:33 &#43;0800</pubDate>
    <author>oublie</author>
    <guid>https://oublie6.github.io/posts/golang/%E5%AD%A6%E4%B9%A0%E7%AC%94%E8%AE%B0/%E6%95%B0%E7%BB%84%E4%B8%8E%E5%88%87%E7%89%87/</guid>
    <description><![CDATA[go官方文档 go语言参考 在写过很多go代码之后，感觉自己并没有完全掌握go语言，还有很多知识盲区，所以有了这个go学习笔记系列，本系列是作者]]></description>
</item>
</channel>
</rss>
