<rss xmlns:atom="http://www.w3.org/2005/Atom" version="2.0">
    <channel>
        <title>Categories - Category - Oublie的Hugo博客</title>
        <link>https://oublie6.github.io/categories/</link>
        <description>Categories - Category - Oublie的Hugo博客</description>
        <generator>Hugo -- gohugo.io</generator><language>zh-CN</language><managingEditor>313166062@qq.com (oublie)</managingEditor>
            <webMaster>313166062@qq.com (oublie)</webMaster><lastBuildDate>Sun, 17 Sep 2023 18:04:17 &#43;0800</lastBuildDate><atom:link href="https://oublie6.github.io/categories/" rel="self" type="application/rss+xml" /><item>
    <title>通用技术</title>
    <link>https://oublie6.github.io/categories/%E9%80%9A%E7%94%A8%E6%8A%80%E6%9C%AF/</link>
    <pubDate>Sun, 17 Sep 2023 18:04:17 &#43;0800</pubDate>
    <author>oublie</author>
    <guid>https://oublie6.github.io/categories/%E9%80%9A%E7%94%A8%E6%8A%80%E6%9C%AF/</guid>
    <description><![CDATA[]]></description>
</item>
<item>
    <title>Golang</title>
    <link>https://oublie6.github.io/categories/golang/</link>
    <pubDate>Sat, 16 Sep 2023 20:42:39 &#43;0800</pubDate>
    <author>oublie</author>
    <guid>https://oublie6.github.io/categories/golang/</guid>
    <description><![CDATA[]]></description>
</item>
<item>
    <title>计算机网络</title>
    <link>https://oublie6.github.io/categories/%E8%AE%A1%E7%AE%97%E6%9C%BA%E7%BD%91%E7%BB%9C/</link>
    <pubDate>Sun, 03 Sep 2023 21:45:19 &#43;0800</pubDate>
    <author>oublie</author>
    <guid>https://oublie6.github.io/categories/%E8%AE%A1%E7%AE%97%E6%9C%BA%E7%BD%91%E7%BB%9C/</guid>
    <description><![CDATA[]]></description>
</item>
<item>
    <title>Python</title>
    <link>https://oublie6.github.io/categories/python/</link>
    <pubDate>Wed, 26 Jul 2023 14:37:06 &#43;0800</pubDate>
    <author>oublie</author>
    <guid>https://oublie6.github.io/categories/python/</guid>
    <description><![CDATA[]]></description>
</item>
<item>
    <title>分布式系统</title>
    <link>https://oublie6.github.io/categories/%E5%88%86%E5%B8%83%E5%BC%8F%E7%B3%BB%E7%BB%9F/</link>
    <pubDate>Sun, 23 Jul 2023 11:04:25 &#43;0800</pubDate>
    <author>oublie</author>
    <guid>https://oublie6.github.io/categories/%E5%88%86%E5%B8%83%E5%BC%8F%E7%B3%BB%E7%BB%9F/</guid>
    <description><![CDATA[]]></description>
</item>
<item>
    <title>中间件</title>
    <link>https://oublie6.github.io/categories/%E4%B8%AD%E9%97%B4%E4%BB%B6/</link>
    <pubDate>Wed, 28 Jun 2023 14:03:30 &#43;0800</pubDate>
    <author>oublie</author>
    <guid>https://oublie6.github.io/categories/%E4%B8%AD%E9%97%B4%E4%BB%B6/</guid>
    <description><![CDATA[]]></description>
</item>
<item>
    <title>时序数据库</title>
    <link>https://oublie6.github.io/categories/%E6%97%B6%E5%BA%8F%E6%95%B0%E6%8D%AE%E5%BA%93/</link>
    <pubDate>Thu, 15 Jun 2023 15:12:29 &#43;0800</pubDate>
    <author>oublie</author>
    <guid>https://oublie6.github.io/categories/%E6%97%B6%E5%BA%8F%E6%95%B0%E6%8D%AE%E5%BA%93/</guid>
    <description><![CDATA[]]></description>
</item>
<item>
    <title>操作系统</title>
    <link>https://oublie6.github.io/categories/%E6%93%8D%E4%BD%9C%E7%B3%BB%E7%BB%9F/</link>
    <pubDate>Tue, 06 Jun 2023 10:29:01 &#43;0800</pubDate>
    <author>oublie</author>
    <guid>https://oublie6.github.io/categories/%E6%93%8D%E4%BD%9C%E7%B3%BB%E7%BB%9F/</guid>
    <description><![CDATA[]]></description>
</item>
<item>
    <title>数据库</title>
    <link>https://oublie6.github.io/categories/%E6%95%B0%E6%8D%AE%E5%BA%93/</link>
    <pubDate>Fri, 05 May 2023 22:55:15 &#43;0800</pubDate>
    <author>oublie</author>
    <guid>https://oublie6.github.io/categories/%E6%95%B0%E6%8D%AE%E5%BA%93/</guid>
    <description><![CDATA[]]></description>
</item>
<item>
    <title>前端</title>
    <link>https://oublie6.github.io/categories/%E5%89%8D%E7%AB%AF/</link>
    <pubDate>Sat, 29 Apr 2023 14:03:47 &#43;0800</pubDate>
    <author>oublie</author>
    <guid>https://oublie6.github.io/categories/%E5%89%8D%E7%AB%AF/</guid>
    <description><![CDATA[]]></description>
</item>
</channel>
</rss>
