<rss xmlns:atom="http://www.w3.org/2005/Atom" version="2.0">
    <channel>
        <title>gin - Tag - Oublie的Hugo博客</title>
        <link>https://oublie6.github.io/tags/gin/</link>
        <description>gin - Tag - Oublie的Hugo博客</description>
        <generator>Hugo -- gohugo.io</generator><language>zh-CN</language><managingEditor>313166062@qq.com (oublie)</managingEditor>
            <webMaster>313166062@qq.com (oublie)</webMaster><lastBuildDate>Sun, 25 Dec 2022 10:18:33 &#43;0800</lastBuildDate><atom:link href="https://oublie6.github.io/tags/gin/" rel="self" type="application/rss+xml" /><item>
    <title>golang-gin-简介</title>
    <link>https://oublie6.github.io/posts/golang/gin/%E7%AE%80%E4%BB%8B/</link>
    <pubDate>Sun, 25 Dec 2022 10:18:33 &#43;0800</pubDate>
    <author>oublie</author>
    <guid>https://oublie6.github.io/posts/golang/gin/%E7%AE%80%E4%BB%8B/</guid>
    <description><![CDATA[gin官方文档 安装 1 go get -u github.com/gin-gonic/gin 快速开始 1 2 3 4 5 6 7 8 9 10 11 12 13 14 15 16 17 package main import ( &#34;net/http&#34; &#34;github.com/gin-gonic/gin&#34; ) func main() { r := gin.Default() r.GET(&#34;/ping&#34;, func(c *gin.Context) { c.JSON(http.StatusOK, gin.H{ &#34;message&#34;: &#34;pong&#34;, }) }) r.Run() // listen and serve on 0.0.0.0:8080 (for windows &#34;localhost:8080&#34;) } API]]></description>
</item>
</channel>
</rss>
