<rss xmlns:atom="http://www.w3.org/2005/Atom" version="2.0">
    <channel>
        <title>数据库 - Category - Oublie的Hugo博客</title>
        <link>https://oublie6.github.io/categories/%E6%95%B0%E6%8D%AE%E5%BA%93/</link>
        <description>数据库 - Category - Oublie的Hugo博客</description>
        <generator>Hugo -- gohugo.io</generator><language>zh-CN</language><managingEditor>313166062@qq.com (oublie)</managingEditor>
            <webMaster>313166062@qq.com (oublie)</webMaster><lastBuildDate>Fri, 05 May 2023 22:55:15 &#43;0800</lastBuildDate><atom:link href="https://oublie6.github.io/categories/%E6%95%B0%E6%8D%AE%E5%BA%93/" rel="self" type="application/rss+xml" /><item>
    <title>数据库-mysql-个人笔记</title>
    <link>https://oublie6.github.io/posts/%E6%95%B0%E6%8D%AE%E5%BA%93/mysql/%E4%B8%AA%E4%BA%BA%E7%AC%94%E8%AE%B0/</link>
    <pubDate>Fri, 05 May 2023 22:55:15 &#43;0800</pubDate>
    <author>oublie</author>
    <guid>https://oublie6.github.io/posts/%E6%95%B0%E6%8D%AE%E5%BA%93/mysql/%E4%B8%AA%E4%BA%BA%E7%AC%94%E8%AE%B0/</guid>
    <description><![CDATA[mysql用什么进行错误分析与定位 在 MySQL 中，常用的错误分析和定位工具包括： 错误日志（error log）：MySQL 会将错误信息记录在错误日志中]]></description>
</item>
<item>
    <title>数据库-elasticsearch-个人笔记</title>
    <link>https://oublie6.github.io/posts/%E6%95%B0%E6%8D%AE%E5%BA%93/elasticsearch/%E4%B8%AA%E4%BA%BA%E7%AC%94%E8%AE%B0/</link>
    <pubDate>Thu, 20 Apr 2023 15:03:06 &#43;0800</pubDate>
    <author>oublie</author>
    <guid>https://oublie6.github.io/posts/%E6%95%B0%E6%8D%AE%E5%BA%93/elasticsearch/%E4%B8%AA%E4%BA%BA%E7%AC%94%E8%AE%B0/</guid>
    <description><![CDATA[倒排索引 CSDN @Sup 对文档进行分词，然后建立分词到id的倒排索引，当需要进行搜索时，求分词的交集即可找到匹配文档的id值，最后通过id查正排索引即可]]></description>
</item>
<item>
    <title>数据库-个人笔记</title>
    <link>https://oublie6.github.io/posts/%E6%95%B0%E6%8D%AE%E5%BA%93/%E4%B8%AA%E4%BA%BA%E7%AC%94%E8%AE%B0/</link>
    <pubDate>Sun, 16 Apr 2023 19:29:23 &#43;0800</pubDate>
    <author>oublie</author>
    <guid>https://oublie6.github.io/posts/%E6%95%B0%E6%8D%AE%E5%BA%93/%E4%B8%AA%E4%BA%BA%E7%AC%94%E8%AE%B0/</guid>
    <description><![CDATA[分库分表 知乎 零声Github整理库 垂直分表：将一个表按字段分成多表，每个表存储其中一部分字段 避免IO争抢并减少锁表的几率，充分发挥热门数据的]]></description>
</item>
<item>
    <title>数据库-SqlZoo</title>
    <link>https://oublie6.github.io/posts/%E6%95%B0%E6%8D%AE%E5%BA%93/sqlzoo/</link>
    <pubDate>Wed, 29 Mar 2023 15:51:48 &#43;0800</pubDate>
    <author>oublie</author>
    <guid>https://oublie6.github.io/posts/%E6%95%B0%E6%8D%AE%E5%BA%93/sqlzoo/</guid>
    <description><![CDATA[本文为作者跟随SqlZoo学习sql的笔记，仅看mysql支持的内容 select selcet用于提取数据，空格加标识符命名列名 1 select xxx x,yyy y; 数值字段允许计]]></description>
</item>
<item>
    <title>数据库-redis-个人笔记</title>
    <link>https://oublie6.github.io/posts/%E6%95%B0%E6%8D%AE%E5%BA%93/redis/%E4%B8%AA%E4%BA%BA%E7%AC%94%E8%AE%B0/</link>
    <pubDate>Thu, 02 Mar 2023 23:19:37 &#43;0800</pubDate>
    <author>oublie</author>
    <guid>https://oublie6.github.io/posts/%E6%95%B0%E6%8D%AE%E5%BA%93/redis/%E4%B8%AA%E4%BA%BA%E7%AC%94%E8%AE%B0/</guid>
    <description><![CDATA[redis 官网 redis 文档 redis 命令参考 坑 CSDN isHuPei redis配置文件 位置为/etc/redis/redis.conf redis默认不使用配置文件 你需要使用redi]]></description>
</item>
<item>
    <title>数据库-MongoDB-简介</title>
    <link>https://oublie6.github.io/posts/%E6%95%B0%E6%8D%AE%E5%BA%93/mongodb/%E7%AE%80%E4%BB%8B/</link>
    <pubDate>Mon, 02 Jan 2023 01:13:03 &#43;0800</pubDate>
    <author>oublie</author>
    <guid>https://oublie6.github.io/posts/%E6%95%B0%E6%8D%AE%E5%BA%93/mongodb/%E7%AE%80%E4%BB%8B/</guid>
    <description><![CDATA[菜鸟教程 NoSQL（非关系型数据库）的一种，文档数据库 三个概念 数据库（database）：存放集合 集合（collection）；存放统一结构]]></description>
</item>
<item>
    <title>数据库-redis-小林coding-缓存篇</title>
    <link>https://oublie6.github.io/posts/%E6%95%B0%E6%8D%AE%E5%BA%93/redis/%E5%B0%8F%E6%9E%97coding/%E7%BC%93%E5%AD%98%E7%AF%87/</link>
    <pubDate>Fri, 23 Dec 2022 19:32:10 &#43;0800</pubDate>
    <author>oublie</author>
    <guid>https://oublie6.github.io/posts/%E6%95%B0%E6%8D%AE%E5%BA%93/redis/%E5%B0%8F%E6%9E%97coding/%E7%BC%93%E5%AD%98%E7%AF%87/</guid>
    <description><![CDATA[本系列笔记为作者在跟随小林coding学习的时候做的笔记。感谢小林大大。 缓存雪崩、击穿、穿透 缓存雪崩 本质：大量请求来到数据库 原因：大量缓存数]]></description>
</item>
<item>
    <title>数据库-redis-小林coding-高可用篇</title>
    <link>https://oublie6.github.io/posts/%E6%95%B0%E6%8D%AE%E5%BA%93/redis/%E5%B0%8F%E6%9E%97coding/%E9%AB%98%E5%8F%AF%E7%94%A8%E7%AF%87/</link>
    <pubDate>Fri, 23 Dec 2022 18:48:34 &#43;0800</pubDate>
    <author>oublie</author>
    <guid>https://oublie6.github.io/posts/%E6%95%B0%E6%8D%AE%E5%BA%93/redis/%E5%B0%8F%E6%9E%97coding/%E9%AB%98%E5%8F%AF%E7%94%A8%E7%AF%87/</guid>
    <description><![CDATA[本系列笔记为作者在跟随小林coding学习的时候做的笔记。感谢小林大大。 主从复制是怎么实现 全量复制、基于长连接的命令传播、增量复制 第一次同步]]></description>
</item>
<item>
    <title>数据库-redis-小林coding-功能篇</title>
    <link>https://oublie6.github.io/posts/%E6%95%B0%E6%8D%AE%E5%BA%93/redis/%E5%B0%8F%E6%9E%97coding/%E5%8A%9F%E8%83%BD%E7%AF%87/</link>
    <pubDate>Fri, 23 Dec 2022 16:29:05 &#43;0800</pubDate>
    <author>oublie</author>
    <guid>https://oublie6.github.io/posts/%E6%95%B0%E6%8D%AE%E5%BA%93/redis/%E5%B0%8F%E6%9E%97coding/%E5%8A%9F%E8%83%BD%E7%AF%87/</guid>
    <description><![CDATA[本系列笔记为作者在跟随小林coding学习的时候做的笔记。感谢小林大大。 过期删除策略 设置 key 过期时间的命令: expire &lt;key&gt; &lt;n&gt;:key 在 n 秒后过期 pexpire &lt;key&gt; &lt;n&gt;:key 在 n 毫秒后]]></description>
</item>
<item>
    <title>数据库-redis-小林coding-持久化篇</title>
    <link>https://oublie6.github.io/posts/%E6%95%B0%E6%8D%AE%E5%BA%93/redis/%E5%B0%8F%E6%9E%97coding/%E6%8C%81%E4%B9%85%E5%8C%96%E7%AF%87/</link>
    <pubDate>Fri, 23 Dec 2022 12:16:57 &#43;0800</pubDate>
    <author>oublie</author>
    <guid>https://oublie6.github.io/posts/%E6%95%B0%E6%8D%AE%E5%BA%93/redis/%E5%B0%8F%E6%9E%97coding/%E6%8C%81%E4%B9%85%E5%8C%96%E7%AF%87/</guid>
    <description><![CDATA[本系列笔记为作者在跟随小林coding学习的时候做的笔记。感谢小林大大。 AOF 持久化 AOF(Append Only File)：写命令执行完后将命令存储到硬盘中的日志文件 AOF]]></description>
</item>
</channel>
</rss>
