<rss xmlns:atom="http://www.w3.org/2005/Atom" version="2.0">
    <channel>
        <title>vite - Tag - Oublie的Hugo博客</title>
        <link>https://oublie6.github.io/tags/vite/</link>
        <description>vite - Tag - Oublie的Hugo博客</description>
        <generator>Hugo -- gohugo.io</generator><language>zh-CN</language><managingEditor>313166062@qq.com (oublie)</managingEditor>
            <webMaster>313166062@qq.com (oublie)</webMaster><lastBuildDate>Sun, 18 Dec 2022 21:42:36 &#43;0800</lastBuildDate><atom:link href="https://oublie6.github.io/tags/vite/" rel="self" type="application/rss+xml" /><item>
    <title>vite-简介</title>
    <link>https://oublie6.github.io/posts/%E5%89%8D%E7%AB%AF/vite/%E7%AE%80%E4%BB%8B/</link>
    <pubDate>Sun, 18 Dec 2022 21:42:36 &#43;0800</pubDate>
    <author>oublie</author>
    <guid>https://oublie6.github.io/posts/%E5%89%8D%E7%AB%AF/vite/%E7%AE%80%E4%BB%8B/</guid>
    <description><![CDATA[本系列是作者在跟着Vite官网学习时做的笔记，可能并不详尽，读者可以到官网中查看完整内容。 搭建项目 1 npm create vite@latest index.html 与项目根目录 项目加载流程： ind]]></description>
</item>
</channel>
</rss>
