<rss xmlns:atom="http://www.w3.org/2005/Atom" version="2.0">
    <channel>
        <title>go-zero - Tag - Oublie的Hugo博客</title>
        <link>https://oublie6.github.io/tags/go-zero/</link>
        <description>go-zero - Tag - Oublie的Hugo博客</description>
        <generator>Hugo -- gohugo.io</generator><language>zh-CN</language><managingEditor>313166062@qq.com (oublie)</managingEditor>
            <webMaster>313166062@qq.com (oublie)</webMaster><lastBuildDate>Tue, 14 Feb 2023 14:07:35 &#43;0800</lastBuildDate><atom:link href="https://oublie6.github.io/tags/go-zero/" rel="self" type="application/rss+xml" /><item>
    <title>golang-go-zero-微服务实践-整合websocket</title>
    <link>https://oublie6.github.io/posts/golang/go-zero/%E5%BE%AE%E6%9C%8D%E5%8A%A1%E5%AE%9E%E8%B7%B5/%E6%95%B4%E5%90%88websocket/</link>
    <pubDate>Tue, 14 Feb 2023 14:07:35 &#43;0800</pubDate>
    <author>oublie</author>
    <guid>https://oublie6.github.io/posts/golang/go-zero/%E5%BE%AE%E6%9C%8D%E5%8A%A1%E5%AE%9E%E8%B7%B5/%E6%95%B4%E5%90%88websocket/</guid>
    <description><![CDATA[go-zero官网 go-zero详细文档 本系列为作者阅读公众号微服务实践的文章做的笔记 另外go-zero作者kevwan大佬的learnku]]></description>
</item>
<item>
    <title>golang-go-zero-微服务实践-分布式锁源码解析</title>
    <link>https://oublie6.github.io/posts/golang/go-zero/%E5%BE%AE%E6%9C%8D%E5%8A%A1%E5%AE%9E%E8%B7%B5/%E5%88%86%E5%B8%83%E5%BC%8F%E9%94%81%E6%BA%90%E7%A0%81%E8%A7%A3%E6%9E%90/</link>
    <pubDate>Tue, 14 Feb 2023 13:51:37 &#43;0800</pubDate>
    <author>oublie</author>
    <guid>https://oublie6.github.io/posts/golang/go-zero/%E5%BE%AE%E6%9C%8D%E5%8A%A1%E5%AE%9E%E8%B7%B5/%E5%88%86%E5%B8%83%E5%BC%8F%E9%94%81%E6%BA%90%E7%A0%81%E8%A7%A3%E6%9E%90/</guid>
    <description><![CDATA[go-zero官网 go-zero详细文档 本系列为作者阅读公众号微服务实践的文章做的笔记 另外go-zero作者kevwan大佬的learnku]]></description>
</item>
<item>
    <title>golang-go-zero-微服务实践-微服务实战系列</title>
    <link>https://oublie6.github.io/posts/golang/go-zero/%E5%BE%AE%E6%9C%8D%E5%8A%A1%E5%AE%9E%E8%B7%B5/%E5%BE%AE%E6%9C%8D%E5%8A%A1%E5%AE%9E%E6%88%98%E7%B3%BB%E5%88%97/</link>
    <pubDate>Sun, 08 Jan 2023 15:57:04 &#43;0800</pubDate>
    <author>oublie</author>
    <guid>https://oublie6.github.io/posts/golang/go-zero/%E5%BE%AE%E6%9C%8D%E5%8A%A1%E5%AE%9E%E8%B7%B5/%E5%BE%AE%E6%9C%8D%E5%8A%A1%E5%AE%9E%E6%88%98%E7%B3%BB%E5%88%97/</guid>
    <description><![CDATA[go-zero官网 go-zero详细文档 本系列为作者阅读公众号微服务实践的文章做的笔记 另外go-zero作者kevwan大佬的learnku]]></description>
</item>
<item>
    <title>golang-go-zero-微服务实践-给rpc服务提供http接口</title>
    <link>https://oublie6.github.io/posts/golang/go-zero/%E5%BE%AE%E6%9C%8D%E5%8A%A1%E5%AE%9E%E8%B7%B5/%E7%BB%99rpc%E6%9C%8D%E5%8A%A1%E6%8F%90%E4%BE%9Bhttp%E6%8E%A5%E5%8F%A3/</link>
    <pubDate>Sun, 08 Jan 2023 15:55:25 &#43;0800</pubDate>
    <author>oublie</author>
    <guid>https://oublie6.github.io/posts/golang/go-zero/%E5%BE%AE%E6%9C%8D%E5%8A%A1%E5%AE%9E%E8%B7%B5/%E7%BB%99rpc%E6%9C%8D%E5%8A%A1%E6%8F%90%E4%BE%9Bhttp%E6%8E%A5%E5%8F%A3/</guid>
    <description><![CDATA[go-zero官网 go-zero详细文档 本系列为作者阅读公众号微服务实践的文章做的笔记 另外go-zero作者kevwan大佬的learnku]]></description>
</item>
<item>
    <title>golang-go-zero-教程-Looklook</title>
    <link>https://oublie6.github.io/posts/golang/go-zero/%E6%95%99%E7%A8%8B/looklook/</link>
    <pubDate>Sun, 08 Jan 2023 12:23:56 &#43;0800</pubDate>
    <author>oublie</author>
    <guid>https://oublie6.github.io/posts/golang/go-zero/%E6%95%99%E7%A8%8B/looklook/</guid>
    <description><![CDATA[go-zero官网 go-zero详细文档 go-zero looklook github 本系列为作者跟着Mikaelemmmm的b站教学视频学习时做的笔记 looklook文档 Mika]]></description>
</item>
<item>
    <title>golang-go-zero-教程-Rpc</title>
    <link>https://oublie6.github.io/posts/golang/go-zero/%E6%95%99%E7%A8%8B/rpc/</link>
    <pubDate>Fri, 06 Jan 2023 21:25:35 &#43;0800</pubDate>
    <author>oublie</author>
    <guid>https://oublie6.github.io/posts/golang/go-zero/%E6%95%99%E7%A8%8B/rpc/</guid>
    <description><![CDATA[go-zero官网 go-zero详细文档 本系列为作者跟着Mikaelemmmm的b站教学视频学习时做的笔记 zero基于zrpc，zrpc基于]]></description>
</item>
<item>
    <title>golang-go-zero-教程-Log</title>
    <link>https://oublie6.github.io/posts/golang/go-zero/%E6%95%99%E7%A8%8B/log/</link>
    <pubDate>Fri, 06 Jan 2023 18:43:32 &#43;0800</pubDate>
    <author>oublie</author>
    <guid>https://oublie6.github.io/posts/golang/go-zero/%E6%95%99%E7%A8%8B/log/</guid>
    <description><![CDATA[go-zero官网 go-zero详细文档 本系列为作者跟着Mikaelemmmm的b站教学视频学习时做的笔记 配置 etc/yaml里面配置Log]]></description>
</item>
<item>
    <title>golang-go-zero-教程-Templete</title>
    <link>https://oublie6.github.io/posts/golang/go-zero/%E6%95%99%E7%A8%8B/templete/</link>
    <pubDate>Fri, 06 Jan 2023 14:38:12 &#43;0800</pubDate>
    <author>oublie</author>
    <guid>https://oublie6.github.io/posts/golang/go-zero/%E6%95%99%E7%A8%8B/templete/</guid>
    <description><![CDATA[go-zero官网 go-zero详细文档 本系列为作者跟着Mikaelemmmm的b站教学视频学习时做的笔记 生成templete &ndash;]]></description>
</item>
<item>
    <title>golang-go-zero-教程-Model</title>
    <link>https://oublie6.github.io/posts/golang/go-zero/%E6%95%99%E7%A8%8B/model/</link>
    <pubDate>Fri, 06 Jan 2023 12:38:49 &#43;0800</pubDate>
    <author>oublie</author>
    <guid>https://oublie6.github.io/posts/golang/go-zero/%E6%95%99%E7%A8%8B/model/</guid>
    <description><![CDATA[go-zero官网 go-zero详细文档 本系列为作者跟着Mikaelemmmm的b站教学视频学习时做的笔记 go-zero官方mysql博客 g]]></description>
</item>
<item>
    <title>golang-go-zero-教程-Api</title>
    <link>https://oublie6.github.io/posts/golang/go-zero/%E6%95%99%E7%A8%8B/api/</link>
    <pubDate>Fri, 06 Jan 2023 11:40:15 &#43;0800</pubDate>
    <author>oublie</author>
    <guid>https://oublie6.github.io/posts/golang/go-zero/%E6%95%99%E7%A8%8B/api/</guid>
    <description><![CDATA[go-zero官网 go-zero详细文档 本系列为作者跟着Mikaelemmmm的b站教学视频学习时做的笔记 api文件 语法和go类似，api文]]></description>
</item>
</channel>
</rss>
