<rss xmlns:atom="http://www.w3.org/2005/Atom" version="2.0">
    <channel>
        <title>Tags - Tag - Oublie的Hugo博客</title>
        <link>https://oublie6.github.io/tags/</link>
        <description>Tags - Tag - Oublie的Hugo博客</description>
        <generator>Hugo -- gohugo.io</generator><language>zh-CN</language><managingEditor>313166062@qq.com (oublie)</managingEditor>
            <webMaster>313166062@qq.com (oublie)</webMaster><lastBuildDate>Sat, 16 Sep 2023 20:42:39 &#43;0800</lastBuildDate><atom:link href="https://oublie6.github.io/tags/" rel="self" type="application/rss+xml" /><item>
    <title>go标准库</title>
    <link>https://oublie6.github.io/tags/go%E6%A0%87%E5%87%86%E5%BA%93/</link>
    <pubDate>Sat, 16 Sep 2023 20:42:39 &#43;0800</pubDate>
    <author>oublie</author>
    <guid>https://oublie6.github.io/tags/go%E6%A0%87%E5%87%86%E5%BA%93/</guid>
    <description><![CDATA[]]></description>
</item>
<item>
    <title>go第三方库</title>
    <link>https://oublie6.github.io/tags/go%E7%AC%AC%E4%B8%89%E6%96%B9%E5%BA%93/</link>
    <pubDate>Tue, 08 Aug 2023 21:41:25 &#43;0800</pubDate>
    <author>oublie</author>
    <guid>https://oublie6.github.io/tags/go%E7%AC%AC%E4%B8%89%E6%96%B9%E5%BA%93/</guid>
    <description><![CDATA[]]></description>
</item>
<item>
    <title>Python第三方库</title>
    <link>https://oublie6.github.io/tags/python%E7%AC%AC%E4%B8%89%E6%96%B9%E5%BA%93/</link>
    <pubDate>Wed, 26 Jul 2023 14:37:06 &#43;0800</pubDate>
    <author>oublie</author>
    <guid>https://oublie6.github.io/tags/python%E7%AC%AC%E4%B8%89%E6%96%B9%E5%BA%93/</guid>
    <description><![CDATA[]]></description>
</item>
<item>
    <title>Python标准库</title>
    <link>https://oublie6.github.io/tags/python%E6%A0%87%E5%87%86%E5%BA%93/</link>
    <pubDate>Wed, 19 Jul 2023 19:10:10 &#43;0800</pubDate>
    <author>oublie</author>
    <guid>https://oublie6.github.io/tags/python%E6%A0%87%E5%87%86%E5%BA%93/</guid>
    <description><![CDATA[]]></description>
</item>
<item>
    <title>influxDB</title>
    <link>https://oublie6.github.io/tags/influxdb/</link>
    <pubDate>Thu, 15 Jun 2023 15:12:29 &#43;0800</pubDate>
    <author>oublie</author>
    <guid>https://oublie6.github.io/tags/influxdb/</guid>
    <description><![CDATA[]]></description>
</item>
<item>
    <title>macOS</title>
    <link>https://oublie6.github.io/tags/macos/</link>
    <pubDate>Tue, 06 Jun 2023 10:29:01 &#43;0800</pubDate>
    <author>oublie</author>
    <guid>https://oublie6.github.io/tags/macos/</guid>
    <description><![CDATA[]]></description>
</item>
<item>
    <title>小林coding系列</title>
    <link>https://oublie6.github.io/tags/%E5%B0%8F%E6%9E%97coding%E7%B3%BB%E5%88%97/</link>
    <pubDate>Sat, 13 May 2023 16:28:51 &#43;0800</pubDate>
    <author>oublie</author>
    <guid>https://oublie6.github.io/tags/%E5%B0%8F%E6%9E%97coding%E7%B3%BB%E5%88%97/</guid>
    <description><![CDATA[]]></description>
</item>
<item>
    <title>mysql</title>
    <link>https://oublie6.github.io/tags/mysql/</link>
    <pubDate>Fri, 05 May 2023 22:55:15 &#43;0800</pubDate>
    <author>oublie</author>
    <guid>https://oublie6.github.io/tags/mysql/</guid>
    <description><![CDATA[]]></description>
</item>
<item>
    <title>微信开发</title>
    <link>https://oublie6.github.io/tags/%E5%BE%AE%E4%BF%A1%E5%BC%80%E5%8F%91/</link>
    <pubDate>Sat, 29 Apr 2023 14:03:47 &#43;0800</pubDate>
    <author>oublie</author>
    <guid>https://oublie6.github.io/tags/%E5%BE%AE%E4%BF%A1%E5%BC%80%E5%8F%91/</guid>
    <description><![CDATA[]]></description>
</item>
<item>
    <title>面试</title>
    <link>https://oublie6.github.io/tags/%E9%9D%A2%E8%AF%95/</link>
    <pubDate>Sat, 22 Apr 2023 15:07:31 &#43;0800</pubDate>
    <author>oublie</author>
    <guid>https://oublie6.github.io/tags/%E9%9D%A2%E8%AF%95/</guid>
    <description><![CDATA[]]></description>
</item>
</channel>
</rss>
