<rss xmlns:atom="http://www.w3.org/2005/Atom" version="2.0">
    <channel>
        <title>微信开发 - Tag - Oublie的Hugo博客</title>
        <link>https://oublie6.github.io/tags/%E5%BE%AE%E4%BF%A1%E5%BC%80%E5%8F%91/</link>
        <description>微信开发 - Tag - Oublie的Hugo博客</description>
        <generator>Hugo -- gohugo.io</generator><language>zh-CN</language><managingEditor>313166062@qq.com (oublie)</managingEditor>
            <webMaster>313166062@qq.com (oublie)</webMaster><lastBuildDate>Sat, 29 Apr 2023 14:03:47 &#43;0800</lastBuildDate><atom:link href="https://oublie6.github.io/tags/%E5%BE%AE%E4%BF%A1%E5%BC%80%E5%8F%91/" rel="self" type="application/rss+xml" /><item>
    <title>前端-微信-个人笔记</title>
    <link>https://oublie6.github.io/posts/%E5%89%8D%E7%AB%AF/%E5%BE%AE%E4%BF%A1/%E4%B8%AA%E4%BA%BA%E7%AC%94%E8%AE%B0/</link>
    <pubDate>Sat, 29 Apr 2023 14:03:47 &#43;0800</pubDate>
    <author>oublie</author>
    <guid>https://oublie6.github.io/posts/%E5%89%8D%E7%AB%AF/%E5%BE%AE%E4%BF%A1/%E4%B8%AA%E4%BA%BA%E7%AC%94%E8%AE%B0/</guid>
    <description><![CDATA[本系列是作者在跟着微信官网文档学习时做的笔记，可能并不详尽，读者可以到官网中查看完整内容。 小程序如何通过code查询用户openid 要通过 code]]></description>
</item>
<item>
    <title>前端-微信-第三方平台</title>
    <link>https://oublie6.github.io/posts/%E5%89%8D%E7%AB%AF/%E5%BE%AE%E4%BF%A1/%E7%AC%AC%E4%B8%89%E6%96%B9%E5%B9%B3%E5%8F%B0/</link>
    <pubDate>Tue, 18 Apr 2023 22:39:35 &#43;0800</pubDate>
    <author>oublie</author>
    <guid>https://oublie6.github.io/posts/%E5%89%8D%E7%AB%AF/%E5%BE%AE%E4%BF%A1/%E7%AC%AC%E4%B8%89%E6%96%B9%E5%B9%B3%E5%8F%B0/</guid>
    <description><![CDATA[本系列是作者在跟着微信官网文档学习时做的笔记，可能并不详尽，读者可以到官网中查看完整内容。 第三方平台官方文档 新手指引 基本概念 不同类型的ID：]]></description>
</item>
</channel>
</rss>
