<rss xmlns:atom="http://www.w3.org/2005/Atom" version="2.0">
    <channel>
        <title>hugo - Tag - Oublie的Hugo博客</title>
        <link>https://oublie6.github.io/tags/hugo/</link>
        <description>hugo - Tag - Oublie的Hugo博客</description>
        <generator>Hugo -- gohugo.io</generator><language>zh-CN</language><managingEditor>313166062@qq.com (oublie)</managingEditor>
            <webMaster>313166062@qq.com (oublie)</webMaster><lastBuildDate>Wed, 05 Oct 2022 11:19:59 &#43;0800</lastBuildDate><atom:link href="https://oublie6.github.io/tags/hugo/" rel="self" type="application/rss+xml" /><item>
    <title>Hugo-Hugo补充</title>
    <link>https://oublie6.github.io/posts/golang/hugo/hugo%E8%A1%A5%E5%85%85/</link>
    <pubDate>Wed, 05 Oct 2022 11:19:59 &#43;0800</pubDate>
    <author>oublie</author>
    <guid>https://oublie6.github.io/posts/golang/hugo/hugo%E8%A1%A5%E5%85%85/</guid>
    <description><![CDATA[Hugo 配置官网 1. 关于使用内联Html元素被忽略 1 &lt;!-- raw HTML omitted --&gt; 需要添加选项 1 2 [markup.goldmark.renderer] unsafe = true 之后就能使用了，详见stackoverflow 2. 关于使用原型a]]></description>
</item>
<item>
    <title>Hugo-建站教程</title>
    <link>https://oublie6.github.io/posts/golang/hugo/hugo%E5%BB%BA%E7%AB%99%E6%95%99%E7%A8%8B/</link>
    <pubDate>Mon, 26 Sep 2022 17:52:54 &#43;0800</pubDate>
    <author>oublie</author>
    <guid>https://oublie6.github.io/posts/golang/hugo/hugo%E5%BB%BA%E7%AB%99%E6%95%99%E7%A8%8B/</guid>
    <description><![CDATA[使用Hugo + Github Pages搭建自己的博客 hugo官网,LoveIt官网 1 hugo安装 windows使用chocolatey安装 choco install hugo-extended -confirm 这里需]]></description>
</item>
</channel>
</rss>
