<rss xmlns:atom="http://www.w3.org/2005/Atom" version="2.0">
    <channel>
        <title>elasticsearch - Tag - Oublie的Hugo博客</title>
        <link>https://oublie6.github.io/tags/elasticsearch/</link>
        <description>elasticsearch - Tag - Oublie的Hugo博客</description>
        <generator>Hugo -- gohugo.io</generator><language>zh-CN</language><managingEditor>313166062@qq.com (oublie)</managingEditor>
            <webMaster>313166062@qq.com (oublie)</webMaster><lastBuildDate>Thu, 20 Apr 2023 15:03:06 &#43;0800</lastBuildDate><atom:link href="https://oublie6.github.io/tags/elasticsearch/" rel="self" type="application/rss+xml" /><item>
    <title>数据库-elasticsearch-个人笔记</title>
    <link>https://oublie6.github.io/posts/%E6%95%B0%E6%8D%AE%E5%BA%93/elasticsearch/%E4%B8%AA%E4%BA%BA%E7%AC%94%E8%AE%B0/</link>
    <pubDate>Thu, 20 Apr 2023 15:03:06 &#43;0800</pubDate>
    <author>oublie</author>
    <guid>https://oublie6.github.io/posts/%E6%95%B0%E6%8D%AE%E5%BA%93/elasticsearch/%E4%B8%AA%E4%BA%BA%E7%AC%94%E8%AE%B0/</guid>
    <description><![CDATA[倒排索引 CSDN @Sup 对文档进行分词，然后建立分词到id的倒排索引，当需要进行搜索时，求分词的交集即可找到匹配文档的id值，最后通过id查正排索引即可]]></description>
</item>
<item>
    <title>数据库-elasticsearch-简介</title>
    <link>https://oublie6.github.io/posts/%E6%95%B0%E6%8D%AE%E5%BA%93/elasticsearch/%E7%AE%80%E4%BB%8B/</link>
    <pubDate>Sat, 17 Dec 2022 13:15:16 &#43;0800</pubDate>
    <author>oublie</author>
    <guid>https://oublie6.github.io/posts/%E6%95%B0%E6%8D%AE%E5%BA%93/elasticsearch/%E7%AE%80%E4%BB%8B/</guid>
    <description><![CDATA[本系列为作者学习ES官网文档时做的笔记 Elasticsearch 是 Elastic Stack 核心的分布式搜索和分析引擎 向 Elasticsearch 发送请求 REST API : 各种语言客户端或者curl等HTTP工具 Kiban]]></description>
</item>
</channel>
</rss>
