<rss xmlns:atom="http://www.w3.org/2005/Atom" version="2.0">
    <channel>
        <title>Golang - Category - Oublie的Hugo博客</title>
        <link>https://oublie6.github.io/categories/golang/</link>
        <description>Golang - Category - Oublie的Hugo博客</description>
        <generator>Hugo -- gohugo.io</generator><language>zh-CN</language><managingEditor>313166062@qq.com (oublie)</managingEditor>
            <webMaster>313166062@qq.com (oublie)</webMaster><lastBuildDate>Sat, 16 Sep 2023 20:42:39 &#43;0800</lastBuildDate><atom:link href="https://oublie6.github.io/categories/golang/" rel="self" type="application/rss+xml" /><item>
    <title>go标准库-Text</title>
    <link>https://oublie6.github.io/posts/golang/%E6%A0%87%E5%87%86%E5%BA%93/text/</link>
    <pubDate>Sat, 16 Sep 2023 20:42:39 &#43;0800</pubDate>
    <author>oublie</author>
    <guid>https://oublie6.github.io/posts/golang/%E6%A0%87%E5%87%86%E5%BA%93/text/</guid>
    <description><![CDATA[go语言中文网 godoc go语言中文网有很多文档缺少内容比如string.Builder就没有，godoc绝对详尽，推荐阅读godoc template 通过将模板应]]></description>
</item>
<item>
    <title>go第三方库-Github.com.mitchellh.copystructure</title>
    <link>https://oublie6.github.io/posts/golang/%E7%AC%AC%E4%B8%89%E6%96%B9%E5%BA%93/github.com.mitchellh.copystructure/</link>
    <pubDate>Tue, 08 Aug 2023 21:41:25 &#43;0800</pubDate>
    <author>oublie</author>
    <guid>https://oublie6.github.io/posts/golang/%E7%AC%AC%E4%B8%89%E6%96%B9%E5%BA%93/github.com.mitchellh.copystructure/</guid>
    <description><![CDATA[godoc github官网 用法 1 2 3 4 5 6 7 8 9 10 11 12 input := map[string]interface{}{ &#34;bob&#34;: map[string]interface{}{ &#34;emails&#34;: []string{&#34;a&#34;, &#34;b&#34;}, }, } dup, err := Copy(input) if err != nil { panic(err) } fmt.Printf(&#34;%#v&#34;, dup)]]></description>
</item>
<item>
    <title>go第三方库-Github.com.xuri.excelize</title>
    <link>https://oublie6.github.io/posts/golang/%E7%AC%AC%E4%B8%89%E6%96%B9%E5%BA%93/github.com.xuri.excelize/</link>
    <pubDate>Mon, 24 Jul 2023 22:50:31 &#43;0800</pubDate>
    <author>oublie</author>
    <guid>https://oublie6.github.io/posts/golang/%E7%AC%AC%E4%B8%89%E6%96%B9%E5%BA%93/github.com.xuri.excelize/</guid>
    <description><![CDATA[godoc github 官网 官方文档 Excelize 的目标是创建并维护一个 Go 语言版本的 Excel 文档 API，以处理符合基于 Office Open XML（OOXML）标准的电子表格文档，借助 Excelize 您可以使用]]></description>
</item>
<item>
    <title>go第三方库-Github.com.robfig.cron</title>
    <link>https://oublie6.github.io/posts/golang/%E7%AC%AC%E4%B8%89%E6%96%B9%E5%BA%93/github.com.robfig.cron/</link>
    <pubDate>Mon, 24 Jul 2023 15:29:05 &#43;0800</pubDate>
    <author>oublie</author>
    <guid>https://oublie6.github.io/posts/golang/%E7%AC%AC%E4%B8%89%E6%96%B9%E5%BA%93/github.com.robfig.cron/</guid>
    <description><![CDATA[godoc github官网 godoc 文档 Overview 用法 调用者可以注册要按给定时间表调用的 Func。Cron 将在它们自己的 goroutine 中运行它们。 1 2 3 4 5 6 7 8 9 10 11 12 13 14 15]]></description>
</item>
<item>
    <title>go第三方库-Github.com.spf13.cobra</title>
    <link>https://oublie6.github.io/posts/golang/%E7%AC%AC%E4%B8%89%E6%96%B9%E5%BA%93/github.com.spf13.cobra/</link>
    <pubDate>Mon, 24 Jul 2023 11:54:48 &#43;0800</pubDate>
    <author>oublie</author>
    <guid>https://oublie6.github.io/posts/golang/%E7%AC%AC%E4%B8%89%E6%96%B9%E5%BA%93/github.com.spf13.cobra/</guid>
    <description><![CDATA[godoc github 官网 github 官网用户指南 目录组织结构 1 2 3 4 5 6 7 ▾ appName/ ▾ cmd/ add.go your.go commands.go here.go main.go main.go 1 2 3 4 5 6 7 8 9 package main import ( &#34;{pathToYourApp}/cmd&#34; ) func main() { cmd.Execute() } 使用 Cobra 库 创建一个裸 main.go 文件和一个 rootCmd]]></description>
</item>
<item>
    <title>go第三方库-Cs.opensource.google.go.x.time</title>
    <link>https://oublie6.github.io/posts/golang/%E7%AC%AC%E4%B8%89%E6%96%B9%E5%BA%93/cs.opensource.google.go.x.time/</link>
    <pubDate>Mon, 24 Jul 2023 10:56:12 &#43;0800</pubDate>
    <author>oublie</author>
    <guid>https://oublie6.github.io/posts/golang/%E7%AC%AC%E4%B8%89%E6%96%B9%E5%BA%93/cs.opensource.google.go.x.time/</guid>
    <description><![CDATA[godoc 官网文档 该存储库提供了补充的 Go 时间包 rate 官方限流器 常见用法 1 2 3 4 5 6 7 8 9 10 11 12 13 14 15 16 17 18 19 20 21 22 23 24 25 26 27 28 29 30 31 32 33 34 35 package main import ( &#34;context&#34; &#34;fmt&#34;]]></description>
</item>
<item>
    <title>go第三方库-cs.opensource.google.go.x.text</title>
    <link>https://oublie6.github.io/posts/golang/%E7%AC%AC%E4%B8%89%E6%96%B9%E5%BA%93/cs.opensource.google.go.x.text/</link>
    <pubDate>Fri, 21 Jul 2023 11:49:16 &#43;0800</pubDate>
    <author>oublie</author>
    <guid>https://oublie6.github.io/posts/golang/%E7%AC%AC%E4%B8%89%E6%96%B9%E5%BA%93/cs.opensource.google.go.x.text/</guid>
    <description><![CDATA[godoc 官网 用于文本处理的补充 Go 库，其中许多涉及 Unicode 默认go读写文件都是按照utf-8的，且标准库不提供修改编码方式的api（不同于pthon可以在]]></description>
</item>
<item>
    <title>go标准库-Unsafe</title>
    <link>https://oublie6.github.io/posts/golang/%E6%A0%87%E5%87%86%E5%BA%93/unsafe/</link>
    <pubDate>Mon, 17 Jul 2023 23:24:00 &#43;0800</pubDate>
    <author>oublie</author>
    <guid>https://oublie6.github.io/posts/golang/%E6%A0%87%E5%87%86%E5%BA%93/unsafe/</guid>
    <description><![CDATA[go语言中文网 godoc go语言中文网有很多文档缺少内容比如string.Builder就没有，godoc绝对详尽，推荐阅读godoc unsafe包]]></description>
</item>
<item>
    <title>go第三方库-github.com.davecgh.go-spew</title>
    <link>https://oublie6.github.io/posts/golang/%E7%AC%AC%E4%B8%89%E6%96%B9%E5%BA%93/github.com.davecgh.go-spew/</link>
    <pubDate>Thu, 06 Jul 2023 15:32:01 &#43;0800</pubDate>
    <author>oublie</author>
    <guid>https://oublie6.github.io/posts/golang/%E7%AC%AC%E4%B8%89%E6%96%B9%E5%BA%93/github.com.davecgh.go-spew/</guid>
    <description><![CDATA[godoc github 官网 Go-spew 为 Go 数据结构实现了一个深度漂亮的打印机来帮助调试。 常用用法 1 2 3 spew.Dump(myVar1, myVar2, ...) spew.Fdump(someWriter, myVar1, myVar2, ...) str := spew.Sdump(myVar1, myVar2, ...)]]></description>
</item>
<item>
    <title>go第三方库-github.com.influxdata.influxdb-client-go</title>
    <link>https://oublie6.github.io/posts/golang/%E7%AC%AC%E4%B8%89%E6%96%B9%E5%BA%93/github.com.influxdata.influxdb-client-go/</link>
    <pubDate>Wed, 05 Jul 2023 14:13:04 &#43;0800</pubDate>
    <author>oublie</author>
    <guid>https://oublie6.github.io/posts/golang/%E7%AC%AC%E4%B8%89%E6%96%B9%E5%BA%93/github.com.influxdata.influxdb-client-go/</guid>
    <description><![CDATA[godoc influxdb v1 godoc 官网 influxdb v2 github官网 influxdb v1 github官网 go的influxdb客户端有v1和v2，其中v1使用influxQL 很简单也不够灵活，]]></description>
</item>
</channel>
</rss>
