<rss xmlns:atom="http://www.w3.org/2005/Atom" version="2.0">
    <channel>
        <title>前端杂记 - Tag - Oublie的Hugo博客</title>
        <link>https://oublie6.github.io/tags/%E5%89%8D%E7%AB%AF%E6%9D%82%E8%AE%B0/</link>
        <description>前端杂记 - Tag - Oublie的Hugo博客</description>
        <generator>Hugo -- gohugo.io</generator><language>zh-CN</language><managingEditor>313166062@qq.com (oublie)</managingEditor>
            <webMaster>313166062@qq.com (oublie)</webMaster><lastBuildDate>Fri, 16 Dec 2022 12:22:56 &#43;0800</lastBuildDate><atom:link href="https://oublie6.github.io/tags/%E5%89%8D%E7%AB%AF%E6%9D%82%E8%AE%B0/" rel="self" type="application/rss+xml" /><item>
    <title>前端-杂记-Js匿名函数和箭头函数的区别</title>
    <link>https://oublie6.github.io/posts/%E5%89%8D%E7%AB%AF/%E6%9D%82%E8%AE%B0/js%E5%8C%BF%E5%90%8D%E5%87%BD%E6%95%B0%E5%92%8C%E7%AE%AD%E5%A4%B4%E5%87%BD%E6%95%B0%E7%9A%84%E5%8C%BA%E5%88%AB/</link>
    <pubDate>Fri, 16 Dec 2022 12:22:56 &#43;0800</pubDate>
    <author>oublie</author>
    <guid>https://oublie6.github.io/posts/%E5%89%8D%E7%AB%AF/%E6%9D%82%E8%AE%B0/js%E5%8C%BF%E5%90%8D%E5%87%BD%E6%95%B0%E5%92%8C%E7%AE%AD%E5%A4%B4%E5%87%BD%E6%95%B0%E7%9A%84%E5%8C%BA%E5%88%AB/</guid>
    <description><![CDATA[CSDN Senora 思否 Caddo 最大区别就是this指向。 普通函数：this指向直接调用者，非严格模式下没有找到直接调用者就指向window（严格模式下this是]]></description>
</item>
</channel>
</rss>
